ID,Recipe_Title,Author,Recipe_URL,Servings,Type,Ingredient_Name,Weight,Unit,Publish_Date,Crawl_Time,site
F04-0579,金針菇炒絲瓜,null,https://www.ytower.com.tw/recipe/iframe-recipe.asp?seq=F04-0579,null,食材,金針菇,1,包,2012-06-22,2025-11-17 16:29:14,ytower
F04-0579,金針菇炒絲瓜,null,https://www.ytower.com.tw/recipe/iframe-recipe.asp?seq=F04-0579,null,食材,絲瓜,1,條,2012-06-22,2025-11-17 16:29:14,ytower
F04-0579,金針菇炒絲瓜,null,https://www.ytower.com.tw/recipe/iframe-recipe.asp?seq=F04-0579,null,食材,薑絲,10,公克,2012-06-22,2025-11-17 16:29:14,ytower
F04-0579,金針菇炒絲瓜,null,https://www.ytower.com.tw/recipe/iframe-recipe.asp?seq=F04-0579,null,食材,蒜末,10,公克,2012-06-22,2025-11-17 16:29:14,ytower
F04-0579,金針菇炒絲瓜,null,https://www.ytower.com.tw/recipe/iframe-recipe.asp?seq=F04-0579,null,調味料,鹽,1/2,小匙,2012-06-22,2025-11-17 16:29:14,ytower
F04-0579,金針菇炒絲瓜,null,https://www.ytower.com.tw/recipe/iframe-recipe.asp?seq=F04-0579,null,調味料,胡椒粉,,少許,2012-06-22,2025-11-17 16:29:14,ytower
F04-0579,金針菇炒絲瓜,null,https://www.ytower.com.tw/recipe/iframe-recipe.asp?seq=F04-0579,null,調味料,米酒,1,大匙,2012-06-22,2025-11-17 16:29:14,ytower
F04-0579,金針菇炒絲瓜,null,https://www.ytower.com.tw/recipe/iframe-recipe.asp?seq=F04-0579,null,調味料,熱水,30,㏄,2012-06-22,2025-11-17 16:29:14,ytower
G02-1027,小饅頭基礎麵糰,null,https://www.ytower.com.tw/recipe/iframe-recipe.asp?seq=G02-1027,null,食材,中筋麵粉,600,公克,2007-12-28,2025-11-17 16:29:15,ytower
G02-1027,小饅頭基礎麵糰,null,https://www.ytower.com.tw/recipe/iframe-recipe.asp?seq=G02-1027,null,食材,細糖,50,公克,2007-12-28,2025-11-17 16:29:15,ytower
G02-1027,小饅頭基礎麵糰,null,https://www.ytower.com.tw/recipe/iframe-recipe.asp?seq=G02-1027,null,食材,酵母粉,6,公克,2007-12-28,2025-11-17 16:29:15,ytower
G02-1027,小饅頭基礎麵糰,null,https://www.ytower.com.tw/recipe/iframe-recipe.asp?seq=G02-1027,null,食材,泡打粉,5,公克,2007-12-28,2025-11-17 16:29:15,ytower
G02-1027,小饅頭基礎麵糰,null,https://www.ytower.com.tw/recipe/iframe-recipe.asp?seq=G02-1027,null,食材,水,280,㏄,2007-12-28,2025-11-17 16:29:15,ytower
H01-320,涼糕,null,https://www.ytower.com.tw/recipe/iframe-recipe.asp?seq=H01-320,null,食材,太白粉,500,公克,2006-01-01,2025-11-17 16:29:17,ytower
H01-320,涼糕,null,https://www.ytower.com.tw/recipe/iframe-recipe.asp?seq=H01-320,null,食材,白砂糖,500,公克,2006-01-01,2025-11-17 16:29:17,ytower
H01-320,涼糕,null,https://www.ytower.com.tw/recipe/iframe-recipe.asp?seq=H01-320,null,食材,沙拉油,,少許,2006-01-01,2025-11-17 16:29:17,ytower
H01-320,涼糕,null,https://www.ytower.com.tw/recipe/iframe-recipe.asp?seq=H01-320,null,食材,熟太白粉,,少許,2006-01-01,2025-11-17 16:29:17,ytower
H01-320,涼糕,null,https://www.ytower.com.tw/recipe/iframe-recipe.asp?seq=H01-320,null,食材,水,1,又1/2杯,2006-01-01,2025-11-17 16:29:17,ytower
H01-320,涼糕,null,https://www.ytower.com.tw/recipe/iframe-recipe.asp?seq=H01-320,null,食材,滾水,5,杯,2006-01-01,2025-11-17 16:29:17,ytower
F01-1113,涼拌藕片,null,https://www.ytower.com.tw/recipe/iframe-recipe.asp?seq=F01-1113,null,食材,蓮藕,300,公克,2012-04-10,2025-11-17 16:29:18,ytower
F01-1113,涼拌藕片,null,https://www.ytower.com.tw/recipe/iframe-recipe.asp?seq=F01-1113,null,食材,薑絲,10,公克,2012-04-10,2025-11-17 16:29:18,ytower
F01-1113,涼拌藕片,null,https://www.ytower.com.tw/recipe/iframe-recipe.asp?seq=F01-1113,null,食材,辣椒絲,1,條,2012-04-10,2025-11-17 16:29:18,ytower
F01-1113,涼拌藕片,null,https://www.ytower.com.tw/recipe/iframe-recipe.asp?seq=F01-1113,null,調味料,鹽,1/4,茶匙,2012-04-10,2025-11-17 16:29:18,ytower
F01-1113,涼拌藕片,null,https://www.ytower.com.tw/recipe/iframe-recipe.asp?seq=F01-1113,null,調味料,細砂糖,1,茶匙,2012-04-10,2025-11-17 16:29:18,ytower
F01-1113,涼拌藕片,null,https://www.ytower.com.tw/recipe/iframe-recipe.asp?seq=F01-1113,null,調味料,白醋,1,茶匙,2012-04-10,2025-11-17 16:29:18,ytower
F01-1113,涼拌藕片,null,https://www.ytower.com.tw/recipe/iframe-recipe.asp?seq=F01-1113,null,調味料,香油,1,茶匙,2012-04-10,2025-11-17 16:29:18,ytower
D01-0430,素獅子頭,null,https://www.ytower.com.tw/recipe/iframe-recipe.asp?seq=D01-0430,null,食材,板豆腐,250,公克,2015-03-20,2025-11-17 16:29:19,ytower
D01-0430,素獅子頭,null,https://www.ytower.com.tw/recipe/iframe-recipe.asp?seq=D01-0430,null,食材,大白菜,300,公克,2015-03-20,2025-11-17 16:29:19,ytower
D01-0430,素獅子頭,null,https://www.ytower.com.tw/recipe/iframe-recipe.asp?seq=D01-0430,null,食材,荸薺,50,公克,2015-03-20,2025-11-17 16:29:19,ytower
D01-0430,素獅子頭,null,https://www.ytower.com.tw/recipe/iframe-recipe.asp?seq=D01-0430,null,食材,薑,10,公克,2015-03-20,2025-11-17 16:29:19,ytower
D01-0430,素獅子頭,null,https://www.ytower.com.tw/recipe/iframe-recipe.asp?seq=D01-0430,null,食材,香菇末,20,公克,2015-03-20,2025-11-17 16:29:19,ytower
D01-0430,素獅子頭,null,https://www.ytower.com.tw/recipe/iframe-recipe.asp?seq=D01-0430,null,食材,芹菜末,20,公克,2015-03-20,2025-11-17 16:29:19,ytower
D01-0430,素獅子頭,null,https://www.ytower.com.tw/recipe/iframe-recipe.asp?seq=D01-0430,null,食材,筊白筍末,30,公克,2015-03-20,2025-11-17 16:29:19,ytower
D01-0430,素獅子頭,null,https://www.ytower.com.tw/recipe/iframe-recipe.asp?seq=D01-0430,null,食材,麵包粉,15,公克,2015-03-20,2025-11-17 16:29:19,ytower
D01-0430,素獅子頭,null,https://www.ytower.com.tw/recipe/iframe-recipe.asp?seq=D01-0430,null,食材,麵粉,20,公克,2015-03-20,2025-11-17 16:29:19,ytower
D01-0430,素獅子頭,null,https://www.ytower.com.tw/recipe/iframe-recipe.asp?seq=D01-0430,null,食材,地瓜粉,15,公克,2015-03-20,2025-11-17 16:29:19,ytower
D01-0430,素獅子頭,null,https://www.ytower.com.tw/recipe/iframe-recipe.asp?seq=D01-0430,null,食材,水,600,㏄,2015-03-20,2025-11-17 16:29:19,ytower
D01-0430,素獅子頭,null,https://www.ytower.com.tw/recipe/iframe-recipe.asp?seq=D01-0430,null,調味料,A.醬油,1,小匙,2015-03-20,2025-11-17 16:29:19,ytower
D01-0430,素獅子頭,null,https://www.ytower.com.tw/recipe/iframe-recipe.asp?seq=D01-0430,null,調味料,鹽,,少許,2015-03-20,2025-11-17 16:29:19,ytower
D01-0430,素獅子頭,null,https://www.ytower.com.tw/recipe/iframe-recipe.asp?seq=D01-0430,null,調味料,糖,1/2,小匙,2015-03-20,2025-11-17 16:29:19,ytower
D01-0430,素獅子頭,null,https://www.ytower.com.tw/recipe/iframe-recipe.asp?seq=D01-0430,null,調味料,白胡椒粉,,少許,2015-03-20,2025-11-17 16:29:19,ytower
D01-0430,素獅子頭,null,https://www.ytower.com.tw/recipe/iframe-recipe.asp?seq=D01-0430,null,調味料,香油,1/4,小匙,2015-03-20,2025-11-17 16:29:19,ytower
D01-0430,素獅子頭,null,https://www.ytower.com.tw/recipe/iframe-recipe.asp?seq=D01-0430,null,調味料,B.素蠔油,1/2,大匙,2015-03-20,2025-11-17 16:29:19,ytower
D01-0430,素獅子頭,null,https://www.ytower.com.tw/recipe/iframe-recipe.asp?seq=D01-0430,null,調味料,醬油,1/2,大匙,2015-03-20,2025-11-17 16:29:19,ytower
D01-0430,素獅子頭,null,https://www.ytower.com.tw/recipe/iframe-recipe.asp?seq=D01-0430,null,調味料,鹽,1/4,小匙,2015-03-20,2025-11-17 16:29:19,ytower
D01-0430,素獅子頭,null,https://www.ytower.com.tw/recipe/iframe-recipe.asp?seq=D01-0430,null,調味料,香菇精,,少許,2015-03-20,2025-11-17 16:29:19,ytower
D01-0430,素獅子頭,null,https://www.ytower.com.tw/recipe/iframe-recipe.asp?seq=D01-0430,null,調味料,糖,,少許,2015-03-20,2025-11-17 16:29:19,ytower
G01-0968,韓式辣拌冬粉,null,https://www.ytower.com.tw/recipe/iframe-recipe.asp?seq=G01-0968,null,食材,冬粉,100,克,2013-08-19,2025-11-17 16:29:20,ytower
G01-0968,韓式辣拌冬粉,null,https://www.ytower.com.tw/recipe/iframe-recipe.asp?seq=G01-0968,null,食材,泡菜,60,克,2013-08-19,2025-11-17 16:29:20,ytower
G01-0968,韓式辣拌冬粉,null,https://www.ytower.com.tw/recipe/iframe-recipe.asp?seq=G01-0968,null,食材,黃豆芽,30,克,2013-08-19,2025-11-17 16:29:20,ytower
G01-0968,韓式辣拌冬粉,null,https://www.ytower.com.tw/recipe/iframe-recipe.asp?seq=G01-0968,null,食材,小黃瓜,1,條,2013-08-19,2025-11-17 16:29:20,ytower
G01-0968,韓式辣拌冬粉,null,https://www.ytower.com.tw/recipe/iframe-recipe.asp?seq=G01-0968,null,食材,紅蘿蔔,20,克,2013-08-19,2025-11-17 16:29:20,ytower
G01-0968,韓式辣拌冬粉,null,https://www.ytower.com.tw/recipe/iframe-recipe.asp?seq=G01-0968,null,食材,"醬汁：
韓式辣醬",1,大匙,2013-08-19,2025-11-17 16:29:20,ytower
G01-0968,韓式辣拌冬粉,null,https://www.ytower.com.tw/recipe/iframe-recipe.asp?seq=G01-0968,null,食材,醬油,1,大匙,2013-08-19,2025-11-17 16:29:20,ytower
G01-0968,韓式辣拌冬粉,null,https://www.ytower.com.tw/recipe/iframe-recipe.asp?seq=G01-0968,null,食材,鹽,1/4,茶匙,2013-08-19,2025-11-17 16:29:20,ytower
G01-0968,韓式辣拌冬粉,null,https://www.ytower.com.tw/recipe/iframe-recipe.asp?seq=G01-0968,null,食材,糖,1/4,茶匙,2013-08-19,2025-11-17 16:29:20,ytower
G01-0968,韓式辣拌冬粉,null,https://www.ytower.com.tw/recipe/iframe-recipe.asp?seq=G01-0968,null,食材,水,3,大匙,2013-08-19,2025-11-17 16:29:20,ytower
G01-0968,韓式辣拌冬粉,null,https://www.ytower.com.tw/recipe/iframe-recipe.asp?seq=G01-0968,null,調味料,熟芝麻,,少許,2013-08-19,2025-11-17 16:29:20,ytower
G01-0968,韓式辣拌冬粉,null,https://www.ytower.com.tw/recipe/iframe-recipe.asp?seq=G01-0968,null,調味料,麻油,1,茶匙,2013-08-19,2025-11-17 16:29:20,ytower
F04-0536,紅燒冬瓜,null,https://www.ytower.com.tw/recipe/iframe-recipe.asp?seq=F04-0536,null,食材,冬瓜,500,公克,2011-05-04,2025-11-17 16:29:21,ytower
F04-0536,紅燒冬瓜,null,https://www.ytower.com.tw/recipe/iframe-recipe.asp?seq=F04-0536,null,食材,薑,30,公克,2011-05-04,2025-11-17 16:29:21,ytower
F04-0536,紅燒冬瓜,null,https://www.ytower.com.tw/recipe/iframe-recipe.asp?seq=F04-0536,null,調味料,醬油,2,大匙,2011-05-04,2025-11-17 16:29:21,ytower
F04-0536,紅燒冬瓜,null,https://www.ytower.com.tw/recipe/iframe-recipe.asp?seq=F04-0536,null,調味料,砂糖,1,小匙,2011-05-04,2025-11-17 16:29:21,ytower
F04-0536,紅燒冬瓜,null,https://www.ytower.com.tw/recipe/iframe-recipe.asp?seq=F04-0536,null,調味料,水,400,㏄,2011-05-04,2025-11-17 16:29:21,ytower
F04-0694,醃小黃瓜,null,https://www.ytower.com.tw/recipe/iframe-recipe.asp?seq=F04-0694,null,食材,小黃瓜,600,公克,2016-5-26 下午 06:48:00,2025-11-17 16:29:22,ytower
F04-0694,醃小黃瓜,null,https://www.ytower.com.tw/recipe/iframe-recipe.asp?seq=F04-0694,null,食材,蒜末,10,公克,2016-5-26 下午 06:48:00,2025-11-17 16:29:22,ytower
F04-0694,醃小黃瓜,null,https://www.ytower.com.tw/recipe/iframe-recipe.asp?seq=F04-0694,null,食材,鹽,15,公克,2016-5-26 下午 06:48:00,2025-11-17 16:29:22,ytower
F04-0694,醃小黃瓜,null,https://www.ytower.com.tw/recipe/iframe-recipe.asp?seq=F04-0694,null,食材,辣椒醬,50,公克,2016-5-26 下午 06:48:00,2025-11-17 16:29:22,ytower
F04-0694,醃小黃瓜,null,https://www.ytower.com.tw/recipe/iframe-recipe.asp?seq=F04-0694,null,食材,白醬油,2,大匙,2016-5-26 下午 06:48:00,2025-11-17 16:29:22,ytower
F04-0694,醃小黃瓜,null,https://www.ytower.com.tw/recipe/iframe-recipe.asp?seq=F04-0694,null,食材,鹽,,少許,2016-5-26 下午 06:48:00,2025-11-17 16:29:22,ytower
F04-0694,醃小黃瓜,null,https://www.ytower.com.tw/recipe/iframe-recipe.asp?seq=F04-0694,null,食材,細砂糖,25,公克,2016-5-26 下午 06:48:00,2025-11-17 16:29:22,ytower
F04-0694,醃小黃瓜,null,https://www.ytower.com.tw/recipe/iframe-recipe.asp?seq=F04-0694,null,食材,水,150,㏄,2016-5-26 下午 06:48:00,2025-11-17 16:29:22,ytower
F04-0694,醃小黃瓜,null,https://www.ytower.com.tw/recipe/iframe-recipe.asp?seq=F04-0694,null,食材,香油,1,小匙,2016-5-26 下午 06:48:00,2025-11-17 16:29:22,ytower
G01-0973,用電鍋做麻糬,null,https://www.ytower.com.tw/recipe/iframe-recipe.asp?seq=G01-0973,null,食材,糯米粉,250,g,2013-11-10,2025-11-17 16:29:23,ytower
G01-0973,用電鍋做麻糬,null,https://www.ytower.com.tw/recipe/iframe-recipe.asp?seq=G01-0973,null,食材,60度溫水,400,cc,2013-11-10,2025-11-17 16:29:23,ytower
G01-0973,用電鍋做麻糬,null,https://www.ytower.com.tw/recipe/iframe-recipe.asp?seq=G01-0973,null,食材,糖,60,g,2013-11-10,2025-11-17 16:29:23,ytower
G01-0973,用電鍋做麻糬,null,https://www.ytower.com.tw/recipe/iframe-recipe.asp?seq=G01-0973,null,食材,玉米粉,20,g,2013-11-10,2025-11-17 16:29:23,ytower
G01-0973,用電鍋做麻糬,null,https://www.ytower.com.tw/recipe/iframe-recipe.asp?seq=G01-0973,null,食材,沙拉油,2,大匙,2013-11-10,2025-11-17 16:29:23,ytower
F01-0667,醃嫩薑,null,https://www.ytower.com.tw/recipe/iframe-recipe.asp?seq=F01-0667,null,食材,嫩薑,300,公克,2008-01-22,2025-11-17 16:29:24,ytower
F01-0667,醃嫩薑,null,https://www.ytower.com.tw/recipe/iframe-recipe.asp?seq=F01-0667,null,食材,鹽,10,公克,2008-01-22,2025-11-17 16:29:24,ytower
F01-0667,醃嫩薑,null,https://www.ytower.com.tw/recipe/iframe-recipe.asp?seq=F01-0667,null,調味料,鹽,,適量,2008-01-22,2025-11-17 16:29:24,ytower
F01-0667,醃嫩薑,null,https://www.ytower.com.tw/recipe/iframe-recipe.asp?seq=F01-0667,null,調味料,細砂糖,100,公克,2008-01-22,2025-11-17 16:29:24,ytower
F01-0667,醃嫩薑,null,https://www.ytower.com.tw/recipe/iframe-recipe.asp?seq=F01-0667,null,調味料,白醋,200,㏄,2008-01-22,2025-11-17 16:29:24,ytower
F01-0667,醃嫩薑,null,https://www.ytower.com.tw/recipe/iframe-recipe.asp?seq=F01-0667,null,調味料,水,150,㏄,2008-01-22,2025-11-17 16:29:24,ytower
F04-0296,南瓜煎餅,null,https://www.ytower.com.tw/recipe/iframe-recipe.asp?seq=F04-0296,null,食材,南瓜,150,公克,2007-06-28,2025-11-17 16:29:26,ytower
F04-0296,南瓜煎餅,null,https://www.ytower.com.tw/recipe/iframe-recipe.asp?seq=F04-0296,null,食材,鹽,1/4,匙,2007-06-28,2025-11-17 16:29:26,ytower
F04-0296,南瓜煎餅,null,https://www.ytower.com.tw/recipe/iframe-recipe.asp?seq=F04-0296,null,食材,沙拉油,2,大匙,2007-06-28,2025-11-17 16:29:26,ytower
F04-0296,南瓜煎餅,null,https://www.ytower.com.tw/recipe/iframe-recipe.asp?seq=F04-0296,null,食材,"麵糊：
中筋麵粉",70,公克,2007-06-28,2025-11-17 16:29:26,ytower
F04-0296,南瓜煎餅,null,https://www.ytower.com.tw/recipe/iframe-recipe.asp?seq=F04-0296,null,食材,在來米粉,50,公克,2007-06-28,2025-11-17 16:29:26,ytower
F04-0296,南瓜煎餅,null,https://www.ytower.com.tw/recipe/iframe-recipe.asp?seq=F04-0296,null,食材,水,60,㏄,2007-06-28,2025-11-17 16:29:26,ytower
D01-0431,紅燒豆腐,null,https://www.ytower.com.tw/recipe/iframe-recipe.asp?seq=D01-0431,null,食材,板豆腐,4,塊,2015-03-20,2025-11-17 16:29:27,ytower
D01-0431,紅燒豆腐,null,https://www.ytower.com.tw/recipe/iframe-recipe.asp?seq=D01-0431,null,食材,香菇,2,朵,2015-03-20,2025-11-17 16:29:27,ytower
D01-0431,紅燒豆腐,null,https://www.ytower.com.tw/recipe/iframe-recipe.asp?seq=D01-0431,null,食材,紅蘿蔔絲,15,公克,2015-03-20,2025-11-17 16:29:27,ytower
D01-0431,紅燒豆腐,null,https://www.ytower.com.tw/recipe/iframe-recipe.asp?seq=D01-0431,null,食材,芹菜段,20,公克,2015-03-20,2025-11-17 16:29:27,ytower
D01-0431,紅燒豆腐,null,https://www.ytower.com.tw/recipe/iframe-recipe.asp?seq=D01-0431,null,食材,油,2,大匙,2015-03-20,2025-11-17 16:29:27,ytower
D01-0431,紅燒豆腐,null,https://www.ytower.com.tw/recipe/iframe-recipe.asp?seq=D01-0431,null,食材,水,200,㏄,2015-03-20,2025-11-17 16:29:27,ytower
D01-0431,紅燒豆腐,null,https://www.ytower.com.tw/recipe/iframe-recipe.asp?seq=D01-0431,null,調味料,醬油,1,大匙,2015-03-20,2025-11-17 16:29:27,ytower
D01-0431,紅燒豆腐,null,https://www.ytower.com.tw/recipe/iframe-recipe.asp?seq=D01-0431,null,調味料,醬油膏,1,大匙,2015-03-20,2025-11-17 16:29:27,ytower
G02-1259,簡單做丹麥奶酥,null,https://www.ytower.com.tw/recipe/iframe-recipe.asp?seq=G02-1259,null,食材,A.奶油,278,公克,2014-01-06,2025-11-17 16:29:30,ytower
G02-1259,簡單做丹麥奶酥,null,https://www.ytower.com.tw/recipe/iframe-recipe.asp?seq=G02-1259,null,食材,細糖,80,公克,2014-01-06,2025-11-17 16:29:30,ytower
G02-1259,簡單做丹麥奶酥,null,https://www.ytower.com.tw/recipe/iframe-recipe.asp?seq=G02-1259,null,食材,糖粉,100,公克,2014-01-06,2025-11-17 16:29:30,ytower
G02-1259,簡單做丹麥奶酥,null,https://www.ytower.com.tw/recipe/iframe-recipe.asp?seq=G02-1259,null,食材,鹽,2,公克,2014-01-06,2025-11-17 16:29:30,ytower
G02-1259,簡單做丹麥奶酥,null,https://www.ytower.com.tw/recipe/iframe-recipe.asp?seq=G02-1259,null,食材,B.雞蛋,2,顆,2014-01-06,2025-11-17 16:29:30,ytower
G02-1259,簡單做丹麥奶酥,null,https://www.ytower.com.tw/recipe/iframe-recipe.asp?seq=G02-1259,null,食材,牛奶,40,公克,2014-01-06,2025-11-17 16:29:30,ytower
G02-1259,簡單做丹麥奶酥,null,https://www.ytower.com.tw/recipe/iframe-recipe.asp?seq=G02-1259,null,食材,香草粉,4,公克,2014-01-06,2025-11-17 16:29:30,ytower
G02-1259,簡單做丹麥奶酥,null,https://www.ytower.com.tw/recipe/iframe-recipe.asp?seq=G02-1259,null,食材,高筋麵粉,398,公克,2014-01-06,2025-11-17 16:29:30,ytower
A03-230,照燒雞肉,null,https://www.ytower.com.tw/recipe/iframe-recipe.asp?seq=A03-230,null,食材,去骨雞腿肉,1,隻,2006-01-01,2025-11-17 16:29:31,ytower
A03-230,照燒雞肉,null,https://www.ytower.com.tw/recipe/iframe-recipe.asp?seq=A03-230,null,食材,青金針花,,適量,2006-01-01,2025-11-17 16:29:31,ytower
A03-230,照燒雞肉,null,https://www.ytower.com.tw/recipe/iframe-recipe.asp?seq=A03-230,null,食材,小黃椒,1,條,2006-01-01,2025-11-17 16:29:31,ytower
A03-230,照燒雞肉,null,https://www.ytower.com.tw/recipe/iframe-recipe.asp?seq=A03-230,null,食材,山椒粉,,適量,2006-01-01,2025-11-17 16:29:31,ytower
A03-230,照燒雞肉,null,https://www.ytower.com.tw/recipe/iframe-recipe.asp?seq=A03-230,null,食材,"照燒醬汁：
酒",30,㏄,2006-01-01,2025-11-17 16:29:31,ytower
A03-230,照燒雞肉,null,https://www.ytower.com.tw/recipe/iframe-recipe.asp?seq=A03-230,null,食材,醬油,30,㏄,2006-01-01,2025-11-17 16:29:31,ytower
A03-230,照燒雞肉,null,https://www.ytower.com.tw/recipe/iframe-recipe.asp?seq=A03-230,null,食材,味醂,30,㏄,2006-01-01,2025-11-17 16:29:31,ytower
A02-1316,肉燥飯,null,https://www.ytower.com.tw/recipe/iframe-recipe.asp?seq=A02-1316,null,食材,豬皮,200,公克,2008-04-30,2025-11-17 16:29:33,ytower
A02-1316,肉燥飯,null,https://www.ytower.com.tw/recipe/iframe-recipe.asp?seq=A02-1316,null,食材,紅蔥頭,50,公克,2008-04-30,2025-11-17 16:29:33,ytower
A02-1316,肉燥飯,null,https://www.ytower.com.tw/recipe/iframe-recipe.asp?seq=A02-1316,null,食材,豬油,5,大匙,2008-04-30,2025-11-17 16:29:33,ytower
A02-1316,肉燥飯,null,https://www.ytower.com.tw/recipe/iframe-recipe.asp?seq=A02-1316,null,食材,胛心絞肉,600,公克,2008-04-30,2025-11-17 16:29:33,ytower
A02-1316,肉燥飯,null,https://www.ytower.com.tw/recipe/iframe-recipe.asp?seq=A02-1316,null,食材,高湯,1000,㏄,2008-04-30,2025-11-17 16:29:33,ytower
A02-1316,肉燥飯,null,https://www.ytower.com.tw/recipe/iframe-recipe.asp?seq=A02-1316,null,調味料,醬油,100,㏄,2008-04-30,2025-11-17 16:29:33,ytower
A02-1316,肉燥飯,null,https://www.ytower.com.tw/recipe/iframe-recipe.asp?seq=A02-1316,null,調味料,冰糖,1,大匙,2008-04-30,2025-11-17 16:29:33,ytower
A02-1316,肉燥飯,null,https://www.ytower.com.tw/recipe/iframe-recipe.asp?seq=A02-1316,null,調味料,米酒,2,大匙,2008-04-30,2025-11-17 16:29:33,ytower
F01-213,涼拌黃豆芽,null,https://www.ytower.com.tw/recipe/iframe-recipe.asp?seq=F01-213,null,食材,黃豆芽,600,公克,2006-01-01,2025-11-17 16:29:35,ytower
F01-213,涼拌黃豆芽,null,https://www.ytower.com.tw/recipe/iframe-recipe.asp?seq=F01-213,null,食材,蔥,1,支,2006-01-01,2025-11-17 16:29:35,ytower
F01-213,涼拌黃豆芽,null,https://www.ytower.com.tw/recipe/iframe-recipe.asp?seq=F01-213,null,食材,蒜泥,1/2,大匙,2006-01-01,2025-11-17 16:29:35,ytower
F01-213,涼拌黃豆芽,null,https://www.ytower.com.tw/recipe/iframe-recipe.asp?seq=F01-213,null,食材,白芝麻,,適量,2006-01-01,2025-11-17 16:29:35,ytower
F01-213,涼拌黃豆芽,null,https://www.ytower.com.tw/recipe/iframe-recipe.asp?seq=F01-213,null,調味料,辣椒粉,1/2,小匙,2006-01-01,2025-11-17 16:29:35,ytower
F01-213,涼拌黃豆芽,null,https://www.ytower.com.tw/recipe/iframe-recipe.asp?seq=F01-213,null,調味料,麻油,1/2,小匙,2006-01-01,2025-11-17 16:29:35,ytower
F01-213,涼拌黃豆芽,null,https://www.ytower.com.tw/recipe/iframe-recipe.asp?seq=F01-213,null,調味料,鹽,1,小匙,2006-01-01,2025-11-17 16:29:35,ytower
F01-290,芋圓,null,https://www.ytower.com.tw/recipe/iframe-recipe.asp?seq=F01-290,null,食材,芋頭,300,公克,2006-01-01,2025-11-17 16:29:37,ytower
F01-290,芋圓,null,https://www.ytower.com.tw/recipe/iframe-recipe.asp?seq=F01-290,null,食材,蕃薯粉,120,公克,2006-01-01,2025-11-17 16:29:37,ytower
F01-290,芋圓,null,https://www.ytower.com.tw/recipe/iframe-recipe.asp?seq=F01-290,null,食材,太白粉,30,公克,2006-01-01,2025-11-17 16:29:37,ytower
F01-290,芋圓,null,https://www.ytower.com.tw/recipe/iframe-recipe.asp?seq=F01-290,null,食材,水,120,cc,2006-01-01,2025-11-17 16:29:37,ytower
F01-290,芋圓,null,https://www.ytower.com.tw/recipe/iframe-recipe.asp?seq=F01-290,null,調味料,白砂糖,2,大匙,2006-01-01,2025-11-17 16:29:37,ytower
F06-0157,涼拌什錦菇,null,https://www.ytower.com.tw/recipe/iframe-recipe.asp?seq=F06-0157,null,食材,柳松菇,80,公克,2007-06-04,2025-11-17 16:29:38,ytower
F06-0157,涼拌什錦菇,null,https://www.ytower.com.tw/recipe/iframe-recipe.asp?seq=F06-0157,null,食材,金針菇,80,公克,2007-06-04,2025-11-17 16:29:38,ytower
F06-0157,涼拌什錦菇,null,https://www.ytower.com.tw/recipe/iframe-recipe.asp?seq=F06-0157,null,食材,秀珍菇,80,公克,2007-06-04,2025-11-17 16:29:38,ytower
F06-0157,涼拌什錦菇,null,https://www.ytower.com.tw/recipe/iframe-recipe.asp?seq=F06-0157,null,食材,杏鮑菇,60,公克,2007-06-04,2025-11-17 16:29:38,ytower
F06-0157,涼拌什錦菇,null,https://www.ytower.com.tw/recipe/iframe-recipe.asp?seq=F06-0157,null,食材,珊瑚菇,80,公克,2007-06-04,2025-11-17 16:29:38,ytower
F06-0157,涼拌什錦菇,null,https://www.ytower.com.tw/recipe/iframe-recipe.asp?seq=F06-0157,null,食材,薑末,10,公克,2007-06-04,2025-11-17 16:29:38,ytower
F06-0157,涼拌什錦菇,null,https://www.ytower.com.tw/recipe/iframe-recipe.asp?seq=F06-0157,null,調味料,鹽,1/4,小匙,2007-06-04,2025-11-17 16:29:38,ytower
F06-0157,涼拌什錦菇,null,https://www.ytower.com.tw/recipe/iframe-recipe.asp?seq=F06-0157,null,調味料,香菇糖,1/4,小匙,2007-06-04,2025-11-17 16:29:38,ytower
F06-0157,涼拌什錦菇,null,https://www.ytower.com.tw/recipe/iframe-recipe.asp?seq=F06-0157,null,調味料,糖,1/2,小匙,2007-06-04,2025-11-17 16:29:38,ytower
F06-0157,涼拌什錦菇,null,https://www.ytower.com.tw/recipe/iframe-recipe.asp?seq=F06-0157,null,調味料,胡椒粉,,少許,2007-06-04,2025-11-17 16:29:38,ytower
F06-0157,涼拌什錦菇,null,https://www.ytower.com.tw/recipe/iframe-recipe.asp?seq=F06-0157,null,調味料,香油,1,大匙,2007-06-04,2025-11-17 16:29:38,ytower
F06-0157,涼拌什錦菇,null,https://www.ytower.com.tw/recipe/iframe-recipe.asp?seq=F06-0157,null,調味料,素蠔油,1,小匙,2007-06-04,2025-11-17 16:29:38,ytower
F01-212,醬煮蓮藕,null,https://www.ytower.com.tw/recipe/iframe-recipe.asp?seq=F01-212,null,食材,蓮藕,300,公克,2006-01-01,2025-11-17 16:29:39,ytower
F01-212,醬煮蓮藕,null,https://www.ytower.com.tw/recipe/iframe-recipe.asp?seq=F01-212,null,食材,芝麻,,適量,2006-01-01,2025-11-17 16:29:39,ytower
F01-212,醬煮蓮藕,null,https://www.ytower.com.tw/recipe/iframe-recipe.asp?seq=F01-212,null,調味料,醬油,2,又1/2大匙,2006-01-01,2025-11-17 16:29:39,ytower
F01-212,醬煮蓮藕,null,https://www.ytower.com.tw/recipe/iframe-recipe.asp?seq=F01-212,null,調味料,酒,2,大匙,2006-01-01,2025-11-17 16:29:39,ytower
F01-212,醬煮蓮藕,null,https://www.ytower.com.tw/recipe/iframe-recipe.asp?seq=F01-212,null,調味料,糖,1,大匙,2006-01-01,2025-11-17 16:29:39,ytower
F01-212,醬煮蓮藕,null,https://www.ytower.com.tw/recipe/iframe-recipe.asp?seq=F01-212,null,調味料,果糖,1,大匙,2006-01-01,2025-11-17 16:29:39,ytower
G02-1296,烤大餅,null,https://www.ytower.com.tw/recipe/iframe-recipe.asp?seq=G02-1296,null,食材,中筋麵粉,300,公克,2016-01-30,2025-11-17 16:29:40,ytower
G02-1296,烤大餅,null,https://www.ytower.com.tw/recipe/iframe-recipe.asp?seq=G02-1296,null,食材,細砂糖,30,公克,2016-01-30,2025-11-17 16:29:40,ytower
G02-1296,烤大餅,null,https://www.ytower.com.tw/recipe/iframe-recipe.asp?seq=G02-1296,null,食材,酵母,4,公克,2016-01-30,2025-11-17 16:29:40,ytower
G02-1296,烤大餅,null,https://www.ytower.com.tw/recipe/iframe-recipe.asp?seq=G02-1296,null,食材,泡打粉,3,公克,2016-01-30,2025-11-17 16:29:40,ytower
G02-1296,烤大餅,null,https://www.ytower.com.tw/recipe/iframe-recipe.asp?seq=G02-1296,null,食材,水,150,cc,2016-01-30,2025-11-17 16:29:40,ytower
F02-0774,宜蘭蔥餅,null,https://www.ytower.com.tw/recipe/iframe-recipe.asp?seq=F02-0774,null,食材,中筋麵粉,600,公克,2016-01-30,2025-11-17 16:29:41,ytower
F02-0774,宜蘭蔥餅,null,https://www.ytower.com.tw/recipe/iframe-recipe.asp?seq=F02-0774,null,食材,鹽,5,公克,2016-01-30,2025-11-17 16:29:41,ytower
F02-0774,宜蘭蔥餅,null,https://www.ytower.com.tw/recipe/iframe-recipe.asp?seq=F02-0774,null,食材,細砂糖,30,公克,2016-01-30,2025-11-17 16:29:41,ytower
F02-0774,宜蘭蔥餅,null,https://www.ytower.com.tw/recipe/iframe-recipe.asp?seq=F02-0774,null,食材,溫水70℃,350,cc,2016-01-30,2025-11-17 16:29:41,ytower
F02-0774,宜蘭蔥餅,null,https://www.ytower.com.tw/recipe/iframe-recipe.asp?seq=F02-0774,null,食材,蔥花,300,公克,2016-01-30,2025-11-17 16:29:41,ytower
F02-0774,宜蘭蔥餅,null,https://www.ytower.com.tw/recipe/iframe-recipe.asp?seq=F02-0774,null,調味料,A.沙拉油,2,大匙,2016-01-30,2025-11-17 16:29:41,ytower
F02-0774,宜蘭蔥餅,null,https://www.ytower.com.tw/recipe/iframe-recipe.asp?seq=F02-0774,null,調味料,白胡椒粉,1,茶匙,2016-01-30,2025-11-17 16:29:41,ytower
F02-0774,宜蘭蔥餅,null,https://www.ytower.com.tw/recipe/iframe-recipe.asp?seq=F02-0774,null,調味料,鹽,1,茶匙,2016-01-30,2025-11-17 16:29:41,ytower
F02-0774,宜蘭蔥餅,null,https://www.ytower.com.tw/recipe/iframe-recipe.asp?seq=F02-0774,null,調味料,B.鹽,,少許,2016-01-30,2025-11-17 16:29:41,ytower
F02-0774,宜蘭蔥餅,null,https://www.ytower.com.tw/recipe/iframe-recipe.asp?seq=F02-0774,null,調味料,沙拉油,,少許,2016-01-30,2025-11-17 16:29:41,ytower
I03-056,關東煮沾醬,null,https://www.ytower.com.tw/recipe/iframe-recipe.asp?seq=I03-056,null,食材,細味噌,1,大匙,2006-01-01,2025-11-17 16:29:43,ytower
I03-056,關東煮沾醬,null,https://www.ytower.com.tw/recipe/iframe-recipe.asp?seq=I03-056,null,食材,甜辣醬,1,大匙,2006-01-01,2025-11-17 16:29:43,ytower
I03-056,關東煮沾醬,null,https://www.ytower.com.tw/recipe/iframe-recipe.asp?seq=I03-056,null,食材,細砂糖,1/2,大匙,2006-01-01,2025-11-17 16:29:43,ytower
I03-056,關東煮沾醬,null,https://www.ytower.com.tw/recipe/iframe-recipe.asp?seq=I03-056,null,食材,醬油,2,小匙,2006-01-01,2025-11-17 16:29:43,ytower
I03-056,關東煮沾醬,null,https://www.ytower.com.tw/recipe/iframe-recipe.asp?seq=I03-056,null,食材,香油,1,小匙,2006-01-01,2025-11-17 16:29:43,ytower
I03-056,關東煮沾醬,null,https://www.ytower.com.tw/recipe/iframe-recipe.asp?seq=I03-056,null,食材,水,2,大匙,2006-01-01,2025-11-17 16:29:43,ytower
I03-056,關東煮沾醬,null,https://www.ytower.com.tw/recipe/iframe-recipe.asp?seq=I03-056,null,食材,"勾芡材料：
太白粉",1,大匙,2006-01-01,2025-11-17 16:29:43,ytower
I03-056,關東煮沾醬,null,https://www.ytower.com.tw/recipe/iframe-recipe.asp?seq=I03-056,null,食材,水,1,又1/2大匙,2006-01-01,2025-11-17 16:29:43,ytower
D01-0434,醬燒豆腐,null,https://www.ytower.com.tw/recipe/iframe-recipe.asp?seq=D01-0434,null,食材,板豆腐,2,塊,2015-03-27,2025-11-17 16:29:44,ytower
D01-0434,醬燒豆腐,null,https://www.ytower.com.tw/recipe/iframe-recipe.asp?seq=D01-0434,null,食材,蔥,20,公克,2015-03-27,2025-11-17 16:29:44,ytower
D01-0434,醬燒豆腐,null,https://www.ytower.com.tw/recipe/iframe-recipe.asp?seq=D01-0434,null,食材,薑,10,公克,2015-03-27,2025-11-17 16:29:44,ytower
D01-0434,醬燒豆腐,null,https://www.ytower.com.tw/recipe/iframe-recipe.asp?seq=D01-0434,null,食材,紅蘿蔔,10,公克,2015-03-27,2025-11-17 16:29:44,ytower
D01-0434,醬燒豆腐,null,https://www.ytower.com.tw/recipe/iframe-recipe.asp?seq=D01-0434,null,調味料,A.醬油,2,大匙,2015-03-27,2025-11-17 16:29:44,ytower
D01-0434,醬燒豆腐,null,https://www.ytower.com.tw/recipe/iframe-recipe.asp?seq=D01-0434,null,調味料,糖,1,茶匙,2015-03-27,2025-11-17 16:29:44,ytower
D01-0434,醬燒豆腐,null,https://www.ytower.com.tw/recipe/iframe-recipe.asp?seq=D01-0434,null,調味料,胡椒粉,1/4,茶匙,2015-03-27,2025-11-17 16:29:44,ytower
D01-0434,醬燒豆腐,null,https://www.ytower.com.tw/recipe/iframe-recipe.asp?seq=D01-0434,null,調味料,水,400,㏄,2015-03-27,2025-11-17 16:29:44,ytower
D01-0434,醬燒豆腐,null,https://www.ytower.com.tw/recipe/iframe-recipe.asp?seq=D01-0434,null,調味料,B.太白粉水,1,茶匙,2015-03-27,2025-11-17 16:29:44,ytower
D01-0434,醬燒豆腐,null,https://www.ytower.com.tw/recipe/iframe-recipe.asp?seq=D01-0434,null,調味料,香油,1,茶匙,2015-03-27,2025-11-17 16:29:44,ytower
F01-1270,地瓜煎餅,null,https://www.ytower.com.tw/recipe/iframe-recipe.asp?seq=F01-1270,null,食材,紅肉地瓜,200,公克,2015-07-16,2025-11-17 16:29:45,ytower
F01-1270,地瓜煎餅,null,https://www.ytower.com.tw/recipe/iframe-recipe.asp?seq=F01-1270,null,食材,黃肉地瓜,200,公克,2015-07-16,2025-11-17 16:29:45,ytower
F01-1270,地瓜煎餅,null,https://www.ytower.com.tw/recipe/iframe-recipe.asp?seq=F01-1270,null,食材,紫地瓜,200,公克,2015-07-16,2025-11-17 16:29:45,ytower
F01-1270,地瓜煎餅,null,https://www.ytower.com.tw/recipe/iframe-recipe.asp?seq=F01-1270,null,食材,地瓜粉,70,公克,2015-07-16,2025-11-17 16:29:45,ytower
F01-1270,地瓜煎餅,null,https://www.ytower.com.tw/recipe/iframe-recipe.asp?seq=F01-1270,null,食材,玉米粉,40,公克,2015-07-16,2025-11-17 16:29:45,ytower
F01-1270,地瓜煎餅,null,https://www.ytower.com.tw/recipe/iframe-recipe.asp?seq=F01-1270,null,調味料,細砂糖,50,公克,2015-07-16,2025-11-17 16:29:45,ytower
F01-1270,地瓜煎餅,null,https://www.ytower.com.tw/recipe/iframe-recipe.asp?seq=F01-1270,null,調味料,鹽,,少許,2015-07-16,2025-11-17 16:29:45,ytower
F03-0087,蒜炒花椰菜,null,https://www.ytower.com.tw/recipe/iframe-recipe.asp?seq=F03-0087,null,食材,白花椰菜,100,公克,2010-01-05,2025-11-17 16:29:47,ytower
F03-0087,蒜炒花椰菜,null,https://www.ytower.com.tw/recipe/iframe-recipe.asp?seq=F03-0087,null,食材,綠花椰菜,100,公克,2010-01-05,2025-11-17 16:29:47,ytower
F03-0087,蒜炒花椰菜,null,https://www.ytower.com.tw/recipe/iframe-recipe.asp?seq=F03-0087,null,食材,紅蘿蔔,30,公克,2010-01-05,2025-11-17 16:29:47,ytower
F03-0087,蒜炒花椰菜,null,https://www.ytower.com.tw/recipe/iframe-recipe.asp?seq=F03-0087,null,食材,蒜頭,2,顆,2010-01-05,2025-11-17 16:29:47,ytower
F03-0087,蒜炒花椰菜,null,https://www.ytower.com.tw/recipe/iframe-recipe.asp?seq=F03-0087,null,食材,橄欖油,1,茶匙,2010-01-05,2025-11-17 16:29:47,ytower
F03-0087,蒜炒花椰菜,null,https://www.ytower.com.tw/recipe/iframe-recipe.asp?seq=F03-0087,null,調味料,鹽,1/2,茶匙,2010-01-05,2025-11-17 16:29:47,ytower
F02-0243,蔬菜素水餃,null,https://www.ytower.com.tw/recipe/iframe-recipe.asp?seq=F02-0243,null,食材,水餃皮,300,g,2006-11-29,2025-11-17 16:29:48,ytower
F02-0243,蔬菜素水餃,null,https://www.ytower.com.tw/recipe/iframe-recipe.asp?seq=F02-0243,null,食材,青江菜,200,g,2006-11-29,2025-11-17 16:29:48,ytower
F02-0243,蔬菜素水餃,null,https://www.ytower.com.tw/recipe/iframe-recipe.asp?seq=F02-0243,null,食材,胡蘿蔔,30,g,2006-11-29,2025-11-17 16:29:48,ytower
F02-0243,蔬菜素水餃,null,https://www.ytower.com.tw/recipe/iframe-recipe.asp?seq=F02-0243,null,食材,香菇,30,g,2006-11-29,2025-11-17 16:29:48,ytower
F02-0243,蔬菜素水餃,null,https://www.ytower.com.tw/recipe/iframe-recipe.asp?seq=F02-0243,null,食材,芹菜,20,g,2006-11-29,2025-11-17 16:29:48,ytower
F02-0243,蔬菜素水餃,null,https://www.ytower.com.tw/recipe/iframe-recipe.asp?seq=F02-0243,null,食材,五香豆干,150,g,2006-11-29,2025-11-17 16:29:48,ytower
F02-0243,蔬菜素水餃,null,https://www.ytower.com.tw/recipe/iframe-recipe.asp?seq=F02-0243,null,食材,薑,3,片,2006-11-29,2025-11-17 16:29:48,ytower
F02-0243,蔬菜素水餃,null,https://www.ytower.com.tw/recipe/iframe-recipe.asp?seq=F02-0243,null,調味料,鹽,2,小匙,2006-11-29,2025-11-17 16:29:48,ytower
F02-0243,蔬菜素水餃,null,https://www.ytower.com.tw/recipe/iframe-recipe.asp?seq=F02-0243,null,調味料,香菇精,1,小匙,2006-11-29,2025-11-17 16:29:48,ytower
F02-0243,蔬菜素水餃,null,https://www.ytower.com.tw/recipe/iframe-recipe.asp?seq=F02-0243,null,調味料,糖,1,小匙,2006-11-29,2025-11-17 16:29:48,ytower
F02-0243,蔬菜素水餃,null,https://www.ytower.com.tw/recipe/iframe-recipe.asp?seq=F02-0243,null,調味料,米酒,1,大匙,2006-11-29,2025-11-17 16:29:48,ytower
F02-0243,蔬菜素水餃,null,https://www.ytower.com.tw/recipe/iframe-recipe.asp?seq=F02-0243,null,調味料,胡椒粉,,少許,2006-11-29,2025-11-17 16:29:48,ytower
F02-0243,蔬菜素水餃,null,https://www.ytower.com.tw/recipe/iframe-recipe.asp?seq=F02-0243,null,調味料,太白粉,,少許,2006-11-29,2025-11-17 16:29:48,ytower
F02-0243,蔬菜素水餃,null,https://www.ytower.com.tw/recipe/iframe-recipe.asp?seq=F02-0243,null,調味料,香油,,少許,2006-11-29,2025-11-17 16:29:48,ytower
F04-0715,涼拌茄子,null,https://www.ytower.com.tw/recipe/iframe-recipe.asp?seq=F04-0715,null,食材,茄子,2,條,2016-6-15 下午 03:36:00,2025-11-17 16:29:49,ytower
F04-0715,涼拌茄子,null,https://www.ytower.com.tw/recipe/iframe-recipe.asp?seq=F04-0715,null,調味料,蒜末,5,公克,2016-6-15 下午 03:36:00,2025-11-17 16:29:49,ytower
F04-0715,涼拌茄子,null,https://www.ytower.com.tw/recipe/iframe-recipe.asp?seq=F04-0715,null,調味料,薑末,5,公克,2016-6-15 下午 03:36:00,2025-11-17 16:29:49,ytower
F04-0715,涼拌茄子,null,https://www.ytower.com.tw/recipe/iframe-recipe.asp?seq=F04-0715,null,調味料,辣椒末,5,公克,2016-6-15 下午 03:36:00,2025-11-17 16:29:49,ytower
F04-0715,涼拌茄子,null,https://www.ytower.com.tw/recipe/iframe-recipe.asp?seq=F04-0715,null,調味料,醬油膏,3,大匙,2016-6-15 下午 03:36:00,2025-11-17 16:29:49,ytower
F04-0715,涼拌茄子,null,https://www.ytower.com.tw/recipe/iframe-recipe.asp?seq=F04-0715,null,調味料,烏醋,1,小匙,2016-6-15 下午 03:36:00,2025-11-17 16:29:49,ytower
F04-0715,涼拌茄子,null,https://www.ytower.com.tw/recipe/iframe-recipe.asp?seq=F04-0715,null,調味料,糖,1/2,小匙,2016-6-15 下午 03:36:00,2025-11-17 16:29:49,ytower
F04-0715,涼拌茄子,null,https://www.ytower.com.tw/recipe/iframe-recipe.asp?seq=F04-0715,null,調味料,香油,1,小匙,2016-6-15 下午 03:36:00,2025-11-17 16:29:49,ytower
F04-0715,涼拌茄子,null,https://www.ytower.com.tw/recipe/iframe-recipe.asp?seq=F04-0715,null,調味料,辣椒醬,1,小匙,2016-6-15 下午 03:36:00,2025-11-17 16:29:49,ytower
F02-0773,蔬菜蛋餅,null,https://www.ytower.com.tw/recipe/iframe-recipe.asp?seq=F02-0773,null,食材,中筋麵粉,1/2,杯,2016-01-27,2025-11-17 16:29:52,ytower
F02-0773,蔬菜蛋餅,null,https://www.ytower.com.tw/recipe/iframe-recipe.asp?seq=F02-0773,null,食材,水,1/2,杯,2016-01-27,2025-11-17 16:29:52,ytower
F02-0773,蔬菜蛋餅,null,https://www.ytower.com.tw/recipe/iframe-recipe.asp?seq=F02-0773,null,食材,沙拉油,1,大匙,2016-01-27,2025-11-17 16:29:52,ytower
F02-0773,蔬菜蛋餅,null,https://www.ytower.com.tw/recipe/iframe-recipe.asp?seq=F02-0773,null,食材,雞蛋,3,顆,2016-01-27,2025-11-17 16:29:52,ytower
F02-0773,蔬菜蛋餅,null,https://www.ytower.com.tw/recipe/iframe-recipe.asp?seq=F02-0773,null,食材,高麗菜,100,公克,2016-01-27,2025-11-17 16:29:52,ytower
F02-0773,蔬菜蛋餅,null,https://www.ytower.com.tw/recipe/iframe-recipe.asp?seq=F02-0773,null,食材,紅蘿蔔,30,公克,2016-01-27,2025-11-17 16:29:52,ytower
F02-0773,蔬菜蛋餅,null,https://www.ytower.com.tw/recipe/iframe-recipe.asp?seq=F02-0773,null,食材,鹽,1/6,茶匙,2016-01-27,2025-11-17 16:29:52,ytower
A03-1122,文昌油雞,null,https://www.ytower.com.tw/recipe/iframe-recipe.asp?seq=A03-1122,null,食材,雞腿,1,支,2009-10-19,2025-11-17 16:29:53,ytower
A03-1122,文昌油雞,null,https://www.ytower.com.tw/recipe/iframe-recipe.asp?seq=A03-1122,null,食材,薑,10,公克,2009-10-19,2025-11-17 16:29:53,ytower
A03-1122,文昌油雞,null,https://www.ytower.com.tw/recipe/iframe-recipe.asp?seq=A03-1122,null,食材,大蒜,3,粒,2009-10-19,2025-11-17 16:29:53,ytower
A03-1122,文昌油雞,null,https://www.ytower.com.tw/recipe/iframe-recipe.asp?seq=A03-1122,null,調味料,鹽,1,小匙,2009-10-19,2025-11-17 16:29:53,ytower
A03-1122,文昌油雞,null,https://www.ytower.com.tw/recipe/iframe-recipe.asp?seq=A03-1122,null,調味料,鮮雞粉,1/2,小匙,2009-10-19,2025-11-17 16:29:53,ytower
A03-1122,文昌油雞,null,https://www.ytower.com.tw/recipe/iframe-recipe.asp?seq=A03-1122,null,調味料,細砂糖,1,小匙,2009-10-19,2025-11-17 16:29:53,ytower
A03-1122,文昌油雞,null,https://www.ytower.com.tw/recipe/iframe-recipe.asp?seq=A03-1122,null,調味料,米酒,1,大匙,2009-10-19,2025-11-17 16:29:53,ytower
A03-1122,文昌油雞,null,https://www.ytower.com.tw/recipe/iframe-recipe.asp?seq=A03-1122,null,調味料,冷開水,50,㏄,2009-10-19,2025-11-17 16:29:53,ytower
A03-1122,文昌油雞,null,https://www.ytower.com.tw/recipe/iframe-recipe.asp?seq=A03-1122,null,調味料,白胡椒粉,,少許,2009-10-19,2025-11-17 16:29:53,ytower
A03-1549,麻油雞,null,https://www.ytower.com.tw/recipe/iframe-recipe.asp?seq=A03-1549,null,食材,雞肉塊,900,公克,2013-01-03,2025-11-17 16:29:55,ytower
A03-1549,麻油雞,null,https://www.ytower.com.tw/recipe/iframe-recipe.asp?seq=A03-1549,null,食材,薑片,100,公克,2013-01-03,2025-11-17 16:29:55,ytower
A03-1549,麻油雞,null,https://www.ytower.com.tw/recipe/iframe-recipe.asp?seq=A03-1549,null,食材,黑麻油,3,大匙,2013-01-03,2025-11-17 16:29:55,ytower
A03-1549,麻油雞,null,https://www.ytower.com.tw/recipe/iframe-recipe.asp?seq=A03-1549,null,調味料,米酒,1200,㏄,2013-01-03,2025-11-17 16:29:55,ytower
A03-1549,麻油雞,null,https://www.ytower.com.tw/recipe/iframe-recipe.asp?seq=A03-1549,null,調味料,雞粉,,適量,2013-01-03,2025-11-17 16:29:55,ytower
H03-199,椰汁西米露,null,https://www.ytower.com.tw/recipe/iframe-recipe.asp?seq=H03-199,null,食材,西谷米,250,公克,2006-10-27,2025-11-17 16:29:57,ytower
H03-199,椰汁西米露,null,https://www.ytower.com.tw/recipe/iframe-recipe.asp?seq=H03-199,null,食材,椰漿,450,公克,2006-10-27,2025-11-17 16:29:57,ytower
H03-199,椰汁西米露,null,https://www.ytower.com.tw/recipe/iframe-recipe.asp?seq=H03-199,null,調味料,水,2000,㏄,2006-10-27,2025-11-17 16:29:57,ytower
H03-199,椰汁西米露,null,https://www.ytower.com.tw/recipe/iframe-recipe.asp?seq=H03-199,null,調味料,白糖,150,公克,2006-10-27,2025-11-17 16:29:57,ytower
F06-0276,滷杏鮑菇,null,https://www.ytower.com.tw/recipe/iframe-recipe.asp?seq=F06-0276,null,食材,五花肉,300,公克,2010-10-28,2025-11-17 16:29:58,ytower
F06-0276,滷杏鮑菇,null,https://www.ytower.com.tw/recipe/iframe-recipe.asp?seq=F06-0276,null,食材,杏鮑菇,300,公克,2010-10-28,2025-11-17 16:29:58,ytower
F06-0276,滷杏鮑菇,null,https://www.ytower.com.tw/recipe/iframe-recipe.asp?seq=F06-0276,null,食材,青蔥,1,支,2010-10-28,2025-11-17 16:29:58,ytower
F06-0276,滷杏鮑菇,null,https://www.ytower.com.tw/recipe/iframe-recipe.asp?seq=F06-0276,null,食材,薑,2,片,2010-10-28,2025-11-17 16:29:58,ytower
F06-0276,滷杏鮑菇,null,https://www.ytower.com.tw/recipe/iframe-recipe.asp?seq=F06-0276,null,食材,八角,1,顆,2010-10-28,2025-11-17 16:29:58,ytower
F06-0276,滷杏鮑菇,null,https://www.ytower.com.tw/recipe/iframe-recipe.asp?seq=F06-0276,null,食材,水,300,㏄,2010-10-28,2025-11-17 16:29:58,ytower
F06-0276,滷杏鮑菇,null,https://www.ytower.com.tw/recipe/iframe-recipe.asp?seq=F06-0276,null,調味料,醬油,100,㏄,2010-10-28,2025-11-17 16:29:58,ytower
F06-0276,滷杏鮑菇,null,https://www.ytower.com.tw/recipe/iframe-recipe.asp?seq=F06-0276,null,調味料,米酒,15,㏄,2010-10-28,2025-11-17 16:29:58,ytower
F06-0276,滷杏鮑菇,null,https://www.ytower.com.tw/recipe/iframe-recipe.asp?seq=F06-0276,null,調味料,糖,15,公克,2010-10-28,2025-11-17 16:29:58,ytower
H01-365,金門花生貢糖,null,https://www.ytower.com.tw/recipe/iframe-recipe.asp?seq=H01-365,null,食材,1.市售花生粉,1000,公克,2006-01-01,2025-11-17 16:30:00,ytower
H01-365,金門花生貢糖,null,https://www.ytower.com.tw/recipe/iframe-recipe.asp?seq=H01-365,null,食材,黑芝麻,,適量,2006-01-01,2025-11-17 16:30:00,ytower
H01-365,金門花生貢糖,null,https://www.ytower.com.tw/recipe/iframe-recipe.asp?seq=H01-365,null,食材,2.細砂糖,200,公克,2006-01-01,2025-11-17 16:30:00,ytower
H01-365,金門花生貢糖,null,https://www.ytower.com.tw/recipe/iframe-recipe.asp?seq=H01-365,null,食材,麥芽糖,100,公克,2006-01-01,2025-11-17 16:30:00,ytower
H01-365,金門花生貢糖,null,https://www.ytower.com.tw/recipe/iframe-recipe.asp?seq=H01-365,null,食材,鹽,3,公克,2006-01-01,2025-11-17 16:30:00,ytower
G01-0825,日式烤麻糬,null,https://www.ytower.com.tw/recipe/iframe-recipe.asp?seq=G01-0825,null,食材,A.糯米粉,200,公克,2008-02-29,2025-11-17 16:30:01,ytower
G01-0825,日式烤麻糬,null,https://www.ytower.com.tw/recipe/iframe-recipe.asp?seq=G01-0825,null,食材,水,300,公克,2008-02-29,2025-11-17 16:30:01,ytower
G01-0825,日式烤麻糬,null,https://www.ytower.com.tw/recipe/iframe-recipe.asp?seq=G01-0825,null,食材,細砂糖,20,公克,2008-02-29,2025-11-17 16:30:01,ytower
G01-0825,日式烤麻糬,null,https://www.ytower.com.tw/recipe/iframe-recipe.asp?seq=G01-0825,null,食材,B.苦甜巧克力,60,公克,2008-02-29,2025-11-17 16:30:01,ytower
G01-0825,日式烤麻糬,null,https://www.ytower.com.tw/recipe/iframe-recipe.asp?seq=G01-0825,null,食材,鮮奶油,60,公克,2008-02-29,2025-11-17 16:30:01,ytower
G01-0825,日式烤麻糬,null,https://www.ytower.com.tw/recipe/iframe-recipe.asp?seq=G01-0825,null,食材,C.抹茶粉,15,公克,2008-02-29,2025-11-17 16:30:01,ytower
G01-0825,日式烤麻糬,null,https://www.ytower.com.tw/recipe/iframe-recipe.asp?seq=G01-0825,null,食材,水,60,公克,2008-02-29,2025-11-17 16:30:01,ytower
G01-0825,日式烤麻糬,null,https://www.ytower.com.tw/recipe/iframe-recipe.asp?seq=G01-0825,null,食材,麥芽糖,50,公克,2008-02-29,2025-11-17 16:30:01,ytower
G01-0825,日式烤麻糬,null,https://www.ytower.com.tw/recipe/iframe-recipe.asp?seq=G01-0825,null,食材,細砂糖,30,公克,2008-02-29,2025-11-17 16:30:01,ytower
I03-525,蚵仔煎醬,null,https://www.ytower.com.tw/recipe/iframe-recipe.asp?seq=I03-525,null,食材,甜辣醬,8,大匙,2006-01-01,2025-11-17 16:30:02,ytower
I03-525,蚵仔煎醬,null,https://www.ytower.com.tw/recipe/iframe-recipe.asp?seq=I03-525,null,食材,醬油膏,3,大匙,2006-01-01,2025-11-17 16:30:02,ytower
I03-525,蚵仔煎醬,null,https://www.ytower.com.tw/recipe/iframe-recipe.asp?seq=I03-525,null,食材,味噌,3,大匙,2006-01-01,2025-11-17 16:30:02,ytower
I03-525,蚵仔煎醬,null,https://www.ytower.com.tw/recipe/iframe-recipe.asp?seq=I03-525,null,食材,白砂糖,2,大匙,2006-01-01,2025-11-17 16:30:02,ytower
I03-525,蚵仔煎醬,null,https://www.ytower.com.tw/recipe/iframe-recipe.asp?seq=I03-525,null,食材,梅子粉,1,大匙,2006-01-01,2025-11-17 16:30:02,ytower
I03-525,蚵仔煎醬,null,https://www.ytower.com.tw/recipe/iframe-recipe.asp?seq=I03-525,null,食材,太白粉,3,大匙,2006-01-01,2025-11-17 16:30:02,ytower
I03-525,蚵仔煎醬,null,https://www.ytower.com.tw/recipe/iframe-recipe.asp?seq=I03-525,null,食材,冷開水,1,杯,2006-01-01,2025-11-17 16:30:02,ytower
H01-362,嘉義方塊酥,null,https://www.ytower.com.tw/recipe/iframe-recipe.asp?seq=H01-362,null,食材,"油皮1：
鹽",5,公克,2006-01-01,2025-11-17 16:30:03,ytower
H01-362,嘉義方塊酥,null,https://www.ytower.com.tw/recipe/iframe-recipe.asp?seq=H01-362,null,食材,中筋麵粉,600,公克,2006-01-01,2025-11-17 16:30:03,ytower
H01-362,嘉義方塊酥,null,https://www.ytower.com.tw/recipe/iframe-recipe.asp?seq=H01-362,null,食材,"油皮2：
冷水",200,公克,2006-01-01,2025-11-17 16:30:03,ytower
H01-362,嘉義方塊酥,null,https://www.ytower.com.tw/recipe/iframe-recipe.asp?seq=H01-362,null,食材,沸水,300,公克,2006-01-01,2025-11-17 16:30:03,ytower
H01-362,嘉義方塊酥,null,https://www.ytower.com.tw/recipe/iframe-recipe.asp?seq=H01-362,null,食材,"油酥：
沙拉油",150,公克,2006-01-01,2025-11-17 16:30:03,ytower
H01-362,嘉義方塊酥,null,https://www.ytower.com.tw/recipe/iframe-recipe.asp?seq=H01-362,null,食材,低筋麵粉,150,公克,2006-01-01,2025-11-17 16:30:03,ytower
H01-362,嘉義方塊酥,null,https://www.ytower.com.tw/recipe/iframe-recipe.asp?seq=H01-362,null,食材,炒熟白芝麻,150,公克,2006-01-01,2025-11-17 16:30:03,ytower
H02-497,葡式蛋塔,null,https://www.ytower.com.tw/recipe/iframe-recipe.asp?seq=H02-497,null,食材,"塔皮Ａ：
白醋",12,公克,2006-01-01,2025-11-17 16:30:04,ytower
H02-497,葡式蛋塔,null,https://www.ytower.com.tw/recipe/iframe-recipe.asp?seq=H02-497,null,食材,高筋麵粉,472,公克,2006-01-01,2025-11-17 16:30:04,ytower
H02-497,葡式蛋塔,null,https://www.ytower.com.tw/recipe/iframe-recipe.asp?seq=H02-497,null,食材,低筋麵粉,118,公克,2006-01-01,2025-11-17 16:30:04,ytower
H02-497,葡式蛋塔,null,https://www.ytower.com.tw/recipe/iframe-recipe.asp?seq=H02-497,null,食材,細砂糖,18,公克,2006-01-01,2025-11-17 16:30:04,ytower
H02-497,葡式蛋塔,null,https://www.ytower.com.tw/recipe/iframe-recipe.asp?seq=H02-497,null,食材,水,295,公克,2006-01-01,2025-11-17 16:30:04,ytower
H02-497,葡式蛋塔,null,https://www.ytower.com.tw/recipe/iframe-recipe.asp?seq=H02-497,null,食材,全蛋,40,公克,2006-01-01,2025-11-17 16:30:04,ytower
H02-497,葡式蛋塔,null,https://www.ytower.com.tw/recipe/iframe-recipe.asp?seq=H02-497,null,食材,"塔皮B：
奶油",90,公克,2006-01-01,2025-11-17 16:30:04,ytower
H02-497,葡式蛋塔,null,https://www.ytower.com.tw/recipe/iframe-recipe.asp?seq=H02-497,null,食材,"塔皮C：
起酥片",500,公克,2006-01-01,2025-11-17 16:30:04,ytower
H02-497,葡式蛋塔,null,https://www.ytower.com.tw/recipe/iframe-recipe.asp?seq=H02-497,null,食材,"內餡材料：
蛋黃",90,公克,2006-01-01,2025-11-17 16:30:04,ytower
H02-497,葡式蛋塔,null,https://www.ytower.com.tw/recipe/iframe-recipe.asp?seq=H02-497,null,食材,動物性奶油,180,公克,2006-01-01,2025-11-17 16:30:04,ytower
H02-497,葡式蛋塔,null,https://www.ytower.com.tw/recipe/iframe-recipe.asp?seq=H02-497,null,食材,鮮奶,180,公克,2006-01-01,2025-11-17 16:30:04,ytower
H02-497,葡式蛋塔,null,https://www.ytower.com.tw/recipe/iframe-recipe.asp?seq=H02-497,null,食材,細砂糖,90,公克,2006-01-01,2025-11-17 16:30:04,ytower
F07-0513,醃漬楊桃與濃縮楊桃汁,null,https://www.ytower.com.tw/recipe/iframe-recipe.asp?seq=F07-0513,null,食材,楊桃,800,公克,2009-05-12,2025-11-17 16:30:05,ytower
F07-0513,醃漬楊桃與濃縮楊桃汁,null,https://www.ytower.com.tw/recipe/iframe-recipe.asp?seq=F07-0513,null,食材,甘草,2,片,2009-05-12,2025-11-17 16:30:05,ytower
F07-0513,醃漬楊桃與濃縮楊桃汁,null,https://www.ytower.com.tw/recipe/iframe-recipe.asp?seq=F07-0513,null,食材,糖,300,公克,2009-05-12,2025-11-17 16:30:05,ytower
F07-0513,醃漬楊桃與濃縮楊桃汁,null,https://www.ytower.com.tw/recipe/iframe-recipe.asp?seq=F07-0513,null,食材,鹽,15,公克,2009-05-12,2025-11-17 16:30:05,ytower
F04-0561,南瓜粥,null,https://www.ytower.com.tw/recipe/iframe-recipe.asp?seq=F04-0561,null,食材,白飯,300,公克,2011-11-23,2025-11-17 16:30:07,ytower
F04-0561,南瓜粥,null,https://www.ytower.com.tw/recipe/iframe-recipe.asp?seq=F04-0561,null,食材,南瓜,200,公克,2011-11-23,2025-11-17 16:30:07,ytower
F04-0561,南瓜粥,null,https://www.ytower.com.tw/recipe/iframe-recipe.asp?seq=F04-0561,null,食材,水,700,㏄,2011-11-23,2025-11-17 16:30:07,ytower
F04-0561,南瓜粥,null,https://www.ytower.com.tw/recipe/iframe-recipe.asp?seq=F04-0561,null,食材,南瓜子,,適量,2011-11-23,2025-11-17 16:30:07,ytower
F04-0561,南瓜粥,null,https://www.ytower.com.tw/recipe/iframe-recipe.asp?seq=F04-0561,null,食材,葵瓜子,,適量,2011-11-23,2025-11-17 16:30:07,ytower
F04-0561,南瓜粥,null,https://www.ytower.com.tw/recipe/iframe-recipe.asp?seq=F04-0561,null,調味料,冰糖,35,公克,2011-11-23,2025-11-17 16:30:07,ytower
F04-0707,香爆南瓜,null,https://www.ytower.com.tw/recipe/iframe-recipe.asp?seq=F04-0707,null,食材,南瓜,600,公克,2016-6-4 下午 12:10:00,2025-11-17 16:30:08,ytower
F04-0707,香爆南瓜,null,https://www.ytower.com.tw/recipe/iframe-recipe.asp?seq=F04-0707,null,食材,豆豉,15,公克,2016-6-4 下午 12:10:00,2025-11-17 16:30:08,ytower
F04-0707,香爆南瓜,null,https://www.ytower.com.tw/recipe/iframe-recipe.asp?seq=F04-0707,null,食材,蒜末,2,顆,2016-6-4 下午 12:10:00,2025-11-17 16:30:08,ytower
F04-0707,香爆南瓜,null,https://www.ytower.com.tw/recipe/iframe-recipe.asp?seq=F04-0707,null,食材,水,200,㏄,2016-6-4 下午 12:10:00,2025-11-17 16:30:08,ytower
F04-0707,香爆南瓜,null,https://www.ytower.com.tw/recipe/iframe-recipe.asp?seq=F04-0707,null,食材,沙拉油,,適量,2016-6-4 下午 12:10:00,2025-11-17 16:30:08,ytower
F04-0707,香爆南瓜,null,https://www.ytower.com.tw/recipe/iframe-recipe.asp?seq=F04-0707,null,調味料,米酒,15,㏄,2016-6-4 下午 12:10:00,2025-11-17 16:30:08,ytower
F04-0707,香爆南瓜,null,https://www.ytower.com.tw/recipe/iframe-recipe.asp?seq=F04-0707,null,調味料,鹽,,少許,2016-6-4 下午 12:10:00,2025-11-17 16:30:08,ytower
F05-0530,紅豆涼糕,null,https://www.ytower.com.tw/recipe/iframe-recipe.asp?seq=F05-0530,null,食材,蓮藕粉,250,公克,2015-05-20,2025-11-17 16:30:09,ytower
F05-0530,紅豆涼糕,null,https://www.ytower.com.tw/recipe/iframe-recipe.asp?seq=F05-0530,null,食材,水,500,cc,2015-05-20,2025-11-17 16:30:09,ytower
F05-0530,紅豆涼糕,null,https://www.ytower.com.tw/recipe/iframe-recipe.asp?seq=F05-0530,null,食材,紅豆,100,公克,2015-05-20,2025-11-17 16:30:09,ytower
F05-0530,紅豆涼糕,null,https://www.ytower.com.tw/recipe/iframe-recipe.asp?seq=F05-0530,null,調味料,細砂糖,300,公克,2015-05-20,2025-11-17 16:30:09,ytower
G01-0866,薑黃飯,null,https://www.ytower.com.tw/recipe/iframe-recipe.asp?seq=G01-0866,null,食材,A.印度長米,200,公克,2010-01-25,2025-11-17 16:30:10,ytower
G01-0866,薑黃飯,null,https://www.ytower.com.tw/recipe/iframe-recipe.asp?seq=G01-0866,null,食材,水,200,㏄,2010-01-25,2025-11-17 16:30:10,ytower
G01-0866,薑黃飯,null,https://www.ytower.com.tw/recipe/iframe-recipe.asp?seq=G01-0866,null,食材,椰漿,3,大匙,2010-01-25,2025-11-17 16:30:10,ytower
G01-0866,薑黃飯,null,https://www.ytower.com.tw/recipe/iframe-recipe.asp?seq=G01-0866,null,食材,沙拉油,1,又1/2大匙,2010-01-25,2025-11-17 16:30:10,ytower
G01-0866,薑黃飯,null,https://www.ytower.com.tw/recipe/iframe-recipe.asp?seq=G01-0866,null,食材,B.蒜片,4,公克,2010-01-25,2025-11-17 16:30:10,ytower
G01-0866,薑黃飯,null,https://www.ytower.com.tw/recipe/iframe-recipe.asp?seq=G01-0866,null,食材,薑末,1/2,茶匙,2010-01-25,2025-11-17 16:30:10,ytower
G01-0866,薑黃飯,null,https://www.ytower.com.tw/recipe/iframe-recipe.asp?seq=G01-0866,null,食材,鍚蘭肉桂丁,1,根,2010-01-25,2025-11-17 16:30:10,ytower
G01-0866,薑黃飯,null,https://www.ytower.com.tw/recipe/iframe-recipe.asp?seq=G01-0866,null,食材,丁香,2,粒,2010-01-25,2025-11-17 16:30:10,ytower
G01-0866,薑黃飯,null,https://www.ytower.com.tw/recipe/iframe-recipe.asp?seq=G01-0866,null,食材,香茅,4,根,2010-01-25,2025-11-17 16:30:10,ytower
G01-0866,薑黃飯,null,https://www.ytower.com.tw/recipe/iframe-recipe.asp?seq=G01-0866,null,食材,薑黃粉,1,又1/2茶匙,2010-01-25,2025-11-17 16:30:10,ytower
B01-384,紅燒魚,null,https://www.ytower.com.tw/recipe/iframe-recipe.asp?seq=B01-384,null,食材,魚,1,條,2006-01-01,2025-11-17 16:30:13,ytower
B01-384,紅燒魚,null,https://www.ytower.com.tw/recipe/iframe-recipe.asp?seq=B01-384,null,食材,蔥,2,根,2006-01-01,2025-11-17 16:30:13,ytower
B01-384,紅燒魚,null,https://www.ytower.com.tw/recipe/iframe-recipe.asp?seq=B01-384,null,食材,薑,50,克,2006-01-01,2025-11-17 16:30:13,ytower
B01-384,紅燒魚,null,https://www.ytower.com.tw/recipe/iframe-recipe.asp?seq=B01-384,null,食材,紅辣椒,2,根,2006-01-01,2025-11-17 16:30:13,ytower
B01-384,紅燒魚,null,https://www.ytower.com.tw/recipe/iframe-recipe.asp?seq=B01-384,null,調味料,醬油,2,大匙,2006-01-01,2025-11-17 16:30:13,ytower
B01-384,紅燒魚,null,https://www.ytower.com.tw/recipe/iframe-recipe.asp?seq=B01-384,null,調味料,細砂糖,1,小匙,2006-01-01,2025-11-17 16:30:13,ytower
B01-384,紅燒魚,null,https://www.ytower.com.tw/recipe/iframe-recipe.asp?seq=B01-384,null,調味料,水,250,㏄,2006-01-01,2025-11-17 16:30:13,ytower
A01-0860,紅燒牛肉,null,https://www.ytower.com.tw/recipe/iframe-recipe.asp?seq=A01-0860,null,食材,牛腩,500,公克,2012-08-16,2025-11-17 16:30:14,ytower
A01-0860,紅燒牛肉,null,https://www.ytower.com.tw/recipe/iframe-recipe.asp?seq=A01-0860,null,食材,紅蘿蔔,100,公克,2012-08-16,2025-11-17 16:30:14,ytower
A01-0860,紅燒牛肉,null,https://www.ytower.com.tw/recipe/iframe-recipe.asp?seq=A01-0860,null,食材,白蘿蔔,100,公克,2012-08-16,2025-11-17 16:30:14,ytower
A01-0860,紅燒牛肉,null,https://www.ytower.com.tw/recipe/iframe-recipe.asp?seq=A01-0860,null,食材,青蔥段,10,公克,2012-08-16,2025-11-17 16:30:14,ytower
A01-0860,紅燒牛肉,null,https://www.ytower.com.tw/recipe/iframe-recipe.asp?seq=A01-0860,null,食材,辣椒段,5,公克,2012-08-16,2025-11-17 16:30:14,ytower
A01-0860,紅燒牛肉,null,https://www.ytower.com.tw/recipe/iframe-recipe.asp?seq=A01-0860,null,食材,薑片,2,公克,2012-08-16,2025-11-17 16:30:14,ytower
A01-0860,紅燒牛肉,null,https://www.ytower.com.tw/recipe/iframe-recipe.asp?seq=A01-0860,null,食材,水,1000,㏄,2012-08-16,2025-11-17 16:30:14,ytower
A01-0860,紅燒牛肉,null,https://www.ytower.com.tw/recipe/iframe-recipe.asp?seq=A01-0860,null,食材,滷包,1,個,2012-08-16,2025-11-17 16:30:14,ytower
A01-0860,紅燒牛肉,null,https://www.ytower.com.tw/recipe/iframe-recipe.asp?seq=A01-0860,null,調味料,醬油,1,大匙,2012-08-16,2025-11-17 16:30:14,ytower
A01-0860,紅燒牛肉,null,https://www.ytower.com.tw/recipe/iframe-recipe.asp?seq=A01-0860,null,調味料,冰糖,1,大匙,2012-08-16,2025-11-17 16:30:14,ytower
A01-0860,紅燒牛肉,null,https://www.ytower.com.tw/recipe/iframe-recipe.asp?seq=A01-0860,null,調味料,蕃茄醬,1,大匙,2012-08-16,2025-11-17 16:30:14,ytower
A01-0860,紅燒牛肉,null,https://www.ytower.com.tw/recipe/iframe-recipe.asp?seq=A01-0860,null,調味料,醬油膏,1,大匙,2012-08-16,2025-11-17 16:30:14,ytower
H01-210,蘋果麵包,null,https://www.ytower.com.tw/recipe/iframe-recipe.asp?seq=H01-210,null,食材,高筋麵粉,250,公克,2006-01-01,2025-11-17 16:30:15,ytower
H01-210,蘋果麵包,null,https://www.ytower.com.tw/recipe/iframe-recipe.asp?seq=H01-210,null,食材,低筋麵粉,250,公克,2006-01-01,2025-11-17 16:30:15,ytower
H01-210,蘋果麵包,null,https://www.ytower.com.tw/recipe/iframe-recipe.asp?seq=H01-210,null,食材,水,175,公克,2006-01-01,2025-11-17 16:30:15,ytower
H01-210,蘋果麵包,null,https://www.ytower.com.tw/recipe/iframe-recipe.asp?seq=H01-210,null,食材,蛋,3,個,2006-01-01,2025-11-17 16:30:15,ytower
H01-210,蘋果麵包,null,https://www.ytower.com.tw/recipe/iframe-recipe.asp?seq=H01-210,null,食材,細砂糖,120,公克,2006-01-01,2025-11-17 16:30:15,ytower
H01-210,蘋果麵包,null,https://www.ytower.com.tw/recipe/iframe-recipe.asp?seq=H01-210,null,食材,鹽,5,公克,2006-01-01,2025-11-17 16:30:15,ytower
H01-210,蘋果麵包,null,https://www.ytower.com.tw/recipe/iframe-recipe.asp?seq=H01-210,null,食材,奶粉,30,公克,2006-01-01,2025-11-17 16:30:15,ytower
H01-210,蘋果麵包,null,https://www.ytower.com.tw/recipe/iframe-recipe.asp?seq=H01-210,null,食材,乾酵母,20,公克,2006-01-01,2025-11-17 16:30:15,ytower
H01-210,蘋果麵包,null,https://www.ytower.com.tw/recipe/iframe-recipe.asp?seq=H01-210,null,食材,奶油,40,公克,2006-01-01,2025-11-17 16:30:15,ytower
F01-1368,涼拌大頭菜,null,https://www.ytower.com.tw/recipe/iframe-recipe.asp?seq=F01-1368,null,食材,大頭菜,1,顆,2016-6-15 下午 03:30:00,2025-11-17 16:30:18,ytower
F01-1368,涼拌大頭菜,null,https://www.ytower.com.tw/recipe/iframe-recipe.asp?seq=F01-1368,null,食材,蒜末,10,公克,2016-6-15 下午 03:30:00,2025-11-17 16:30:18,ytower
F01-1368,涼拌大頭菜,null,https://www.ytower.com.tw/recipe/iframe-recipe.asp?seq=F01-1368,null,食材,辣椒末,10,公克,2016-6-15 下午 03:30:00,2025-11-17 16:30:18,ytower
F01-1368,涼拌大頭菜,null,https://www.ytower.com.tw/recipe/iframe-recipe.asp?seq=F01-1368,null,食材,香菜,,適量,2016-6-15 下午 03:30:00,2025-11-17 16:30:18,ytower
F01-1368,涼拌大頭菜,null,https://www.ytower.com.tw/recipe/iframe-recipe.asp?seq=F01-1368,null,調味料,A.鹽,1,小匙,2016-6-15 下午 03:30:00,2025-11-17 16:30:18,ytower
F01-1368,涼拌大頭菜,null,https://www.ytower.com.tw/recipe/iframe-recipe.asp?seq=F01-1368,null,調味料,糖,1,小匙,2016-6-15 下午 03:30:00,2025-11-17 16:30:18,ytower
F01-1368,涼拌大頭菜,null,https://www.ytower.com.tw/recipe/iframe-recipe.asp?seq=F01-1368,null,調味料,白蔭油,1,大匙,2016-6-15 下午 03:30:00,2025-11-17 16:30:18,ytower
F01-1368,涼拌大頭菜,null,https://www.ytower.com.tw/recipe/iframe-recipe.asp?seq=F01-1368,null,調味料,B.香油,1,小匙,2016-6-15 下午 03:30:00,2025-11-17 16:30:18,ytower
I03-1148,東山鴨頭滷汁,null,https://www.ytower.com.tw/recipe/iframe-recipe.asp?seq=I03-1148,null,食材,"滷包：
八角",10,公克,2008-05-13,2025-11-17 16:30:19,ytower
I03-1148,東山鴨頭滷汁,null,https://www.ytower.com.tw/recipe/iframe-recipe.asp?seq=I03-1148,null,食材,甘草,10,公克,2008-05-13,2025-11-17 16:30:19,ytower
I03-1148,東山鴨頭滷汁,null,https://www.ytower.com.tw/recipe/iframe-recipe.asp?seq=I03-1148,null,食材,花椒,3,公克,2008-05-13,2025-11-17 16:30:19,ytower
I03-1148,東山鴨頭滷汁,null,https://www.ytower.com.tw/recipe/iframe-recipe.asp?seq=I03-1148,null,食材,草果,2,顆,2008-05-13,2025-11-17 16:30:19,ytower
I03-1148,東山鴨頭滷汁,null,https://www.ytower.com.tw/recipe/iframe-recipe.asp?seq=I03-1148,null,食材,桂皮,10,公克,2008-05-13,2025-11-17 16:30:19,ytower
I03-1148,東山鴨頭滷汁,null,https://www.ytower.com.tw/recipe/iframe-recipe.asp?seq=I03-1148,null,食材,A.水,1300,㏄,2008-05-13,2025-11-17 16:30:19,ytower
I03-1148,東山鴨頭滷汁,null,https://www.ytower.com.tw/recipe/iframe-recipe.asp?seq=I03-1148,null,食材,糖色,280,㏄,2008-05-13,2025-11-17 16:30:19,ytower
I03-1148,東山鴨頭滷汁,null,https://www.ytower.com.tw/recipe/iframe-recipe.asp?seq=I03-1148,null,食材,醬油,500,㏄,2008-05-13,2025-11-17 16:30:19,ytower
I03-1148,東山鴨頭滷汁,null,https://www.ytower.com.tw/recipe/iframe-recipe.asp?seq=I03-1148,null,食材,細砂糖,400,公克,2008-05-13,2025-11-17 16:30:19,ytower
I03-1148,東山鴨頭滷汁,null,https://www.ytower.com.tw/recipe/iframe-recipe.asp?seq=I03-1148,null,食材,米酒,100,㏄,2008-05-13,2025-11-17 16:30:19,ytower
I03-1148,東山鴨頭滷汁,null,https://www.ytower.com.tw/recipe/iframe-recipe.asp?seq=I03-1148,null,食材,蔥,2,根,2008-05-13,2025-11-17 16:30:19,ytower
I03-1148,東山鴨頭滷汁,null,https://www.ytower.com.tw/recipe/iframe-recipe.asp?seq=I03-1148,null,食材,薑,20,公克,2008-05-13,2025-11-17 16:30:19,ytower
I03-1148,東山鴨頭滷汁,null,https://www.ytower.com.tw/recipe/iframe-recipe.asp?seq=I03-1148,null,食材,B.沙拉油,4,大匙,2008-05-13,2025-11-17 16:30:19,ytower
G01-0823,台式傳統麻糬,null,https://www.ytower.com.tw/recipe/iframe-recipe.asp?seq=G01-0823,null,食材,A.糯米粉麻糬,500,公克,2008-02-26,2025-11-17 16:30:20,ytower
G01-0823,台式傳統麻糬,null,https://www.ytower.com.tw/recipe/iframe-recipe.asp?seq=G01-0823,null,食材,B.無糖花生粉,120,公克,2008-02-26,2025-11-17 16:30:20,ytower
G01-0823,台式傳統麻糬,null,https://www.ytower.com.tw/recipe/iframe-recipe.asp?seq=G01-0823,null,食材,細砂糖,36,公克,2008-02-26,2025-11-17 16:30:20,ytower
G01-0823,台式傳統麻糬,null,https://www.ytower.com.tw/recipe/iframe-recipe.asp?seq=G01-0823,null,食材,黑芝麻,3,公克,2008-02-26,2025-11-17 16:30:20,ytower
G01-0823,台式傳統麻糬,null,https://www.ytower.com.tw/recipe/iframe-recipe.asp?seq=G01-0823,null,食材,C.無糖花生粉,,適量,2008-02-26,2025-11-17 16:30:20,ytower
H01-347,椰香涼糕,null,https://www.ytower.com.tw/recipe/iframe-recipe.asp?seq=H01-347,null,食材,A.鮮奶,300,公克,2006-01-01,2025-11-17 16:30:22,ytower
H01-347,椰香涼糕,null,https://www.ytower.com.tw/recipe/iframe-recipe.asp?seq=H01-347,null,食材,動物性鮮奶油,100,公克,2006-01-01,2025-11-17 16:30:22,ytower
H01-347,椰香涼糕,null,https://www.ytower.com.tw/recipe/iframe-recipe.asp?seq=H01-347,null,食材,細砂糖,50,公克,2006-01-01,2025-11-17 16:30:22,ytower
H01-347,椰香涼糕,null,https://www.ytower.com.tw/recipe/iframe-recipe.asp?seq=H01-347,null,食材,洋菜粉,4,公克,2006-01-01,2025-11-17 16:30:22,ytower
H01-347,椰香涼糕,null,https://www.ytower.com.tw/recipe/iframe-recipe.asp?seq=H01-347,null,食材,果凍粉,3,公克,2006-01-01,2025-11-17 16:30:22,ytower
H01-347,椰香涼糕,null,https://www.ytower.com.tw/recipe/iframe-recipe.asp?seq=H01-347,null,食材,B.麥芽糖,20,公克,2006-01-01,2025-11-17 16:30:22,ytower
H01-347,椰香涼糕,null,https://www.ytower.com.tw/recipe/iframe-recipe.asp?seq=H01-347,null,食材,C.蛋白,70,公克(約2個),2006-01-01,2025-11-17 16:30:22,ytower
H01-347,椰香涼糕,null,https://www.ytower.com.tw/recipe/iframe-recipe.asp?seq=H01-347,null,食材,細砂糖,20,公克,2006-01-01,2025-11-17 16:30:22,ytower
H01-347,椰香涼糕,null,https://www.ytower.com.tw/recipe/iframe-recipe.asp?seq=H01-347,null,食材,檸檬汁,10,公克,2006-01-01,2025-11-17 16:30:22,ytower
H01-347,椰香涼糕,null,https://www.ytower.com.tw/recipe/iframe-recipe.asp?seq=H01-347,null,食材,D.椰子粉,,適量,2006-01-01,2025-11-17 16:30:22,ytower
E01-0173,層香豆皮,null,https://www.ytower.com.tw/recipe/iframe-recipe.asp?seq=E01-0173,null,食材,新鮮豆皮,3,片,2011-10-26,2025-11-17 16:30:23,ytower
E01-0173,層香豆皮,null,https://www.ytower.com.tw/recipe/iframe-recipe.asp?seq=E01-0173,null,食材,九層塔葉絲,,少許,2011-10-26,2025-11-17 16:30:23,ytower
E01-0173,層香豆皮,null,https://www.ytower.com.tw/recipe/iframe-recipe.asp?seq=E01-0173,null,調味料,細砂糖,1/2,小匙,2011-10-26,2025-11-17 16:30:23,ytower
E01-0173,層香豆皮,null,https://www.ytower.com.tw/recipe/iframe-recipe.asp?seq=E01-0173,null,調味料,醬油,1/4,小匙,2011-10-26,2025-11-17 16:30:23,ytower
E01-0173,層香豆皮,null,https://www.ytower.com.tw/recipe/iframe-recipe.asp?seq=E01-0173,null,調味料,香油,1/2,小匙,2011-10-26,2025-11-17 16:30:23,ytower
F02-149,腐乳炒高麗菜,null,https://www.ytower.com.tw/recipe/iframe-recipe.asp?seq=F02-149,null,食材,高麗菜,300,公克,2006-01-01,2025-11-17 16:30:24,ytower
F02-149,腐乳炒高麗菜,null,https://www.ytower.com.tw/recipe/iframe-recipe.asp?seq=F02-149,null,食材,紅辣椒,1,支,2006-01-01,2025-11-17 16:30:24,ytower
F02-149,腐乳炒高麗菜,null,https://www.ytower.com.tw/recipe/iframe-recipe.asp?seq=F02-149,null,食材,蒜頭,1,大顆,2006-01-01,2025-11-17 16:30:24,ytower
F02-149,腐乳炒高麗菜,null,https://www.ytower.com.tw/recipe/iframe-recipe.asp?seq=F02-149,null,調味料,辣麻油腐乳,20,公克,2006-01-01,2025-11-17 16:30:24,ytower
F02-149,腐乳炒高麗菜,null,https://www.ytower.com.tw/recipe/iframe-recipe.asp?seq=F02-149,null,調味料,水,45,㏄,2006-01-01,2025-11-17 16:30:24,ytower
F02-149,腐乳炒高麗菜,null,https://www.ytower.com.tw/recipe/iframe-recipe.asp?seq=F02-149,null,調味料,糖,1/3,小匙,2006-01-01,2025-11-17 16:30:24,ytower
F02-149,腐乳炒高麗菜,null,https://www.ytower.com.tw/recipe/iframe-recipe.asp?seq=F02-149,null,調味料,酒,15,㏄,2006-01-01,2025-11-17 16:30:24,ytower
D01-0275,味噌豆腐湯,null,https://www.ytower.com.tw/recipe/iframe-recipe.asp?seq=D01-0275,null,食材,板豆腐,1,塊,2009-01-07,2025-11-17 16:30:25,ytower
D01-0275,味噌豆腐湯,null,https://www.ytower.com.tw/recipe/iframe-recipe.asp?seq=D01-0275,null,食材,味噌,40,公克,2009-01-07,2025-11-17 16:30:25,ytower
D01-0275,味噌豆腐湯,null,https://www.ytower.com.tw/recipe/iframe-recipe.asp?seq=D01-0275,null,食材,蔥花,,少許,2009-01-07,2025-11-17 16:30:25,ytower
D01-0275,味噌豆腐湯,null,https://www.ytower.com.tw/recipe/iframe-recipe.asp?seq=D01-0275,null,調味料,糖,,少許,2009-01-07,2025-11-17 16:30:25,ytower
D01-0275,味噌豆腐湯,null,https://www.ytower.com.tw/recipe/iframe-recipe.asp?seq=D01-0275,null,調味料,米酒,,少許,2009-01-07,2025-11-17 16:30:25,ytower
D01-0275,味噌豆腐湯,null,https://www.ytower.com.tw/recipe/iframe-recipe.asp?seq=D01-0275,null,調味料,香油,,少許,2009-01-07,2025-11-17 16:30:25,ytower
F01-0662,醃醬筍,null,https://www.ytower.com.tw/recipe/iframe-recipe.asp?seq=F01-0662,null,食材,麻竹筍,1500,公克,2008-01-21,2025-11-17 16:30:26,ytower
F01-0662,醃醬筍,null,https://www.ytower.com.tw/recipe/iframe-recipe.asp?seq=F01-0662,null,食材,豆粕,200,公克,2008-01-21,2025-11-17 16:30:26,ytower
F01-0662,醃醬筍,null,https://www.ytower.com.tw/recipe/iframe-recipe.asp?seq=F01-0662,null,食材,甘草,2,片,2008-01-21,2025-11-17 16:30:26,ytower
F01-0662,醃醬筍,null,https://www.ytower.com.tw/recipe/iframe-recipe.asp?seq=F01-0662,null,調味料,鹽,150,公克,2008-01-21,2025-11-17 16:30:26,ytower
F01-0662,醃醬筍,null,https://www.ytower.com.tw/recipe/iframe-recipe.asp?seq=F01-0662,null,調味料,糖,100,公克,2008-01-21,2025-11-17 16:30:26,ytower
F01-0662,醃醬筍,null,https://www.ytower.com.tw/recipe/iframe-recipe.asp?seq=F01-0662,null,調味料,米酒,1,大匙,2008-01-21,2025-11-17 16:30:26,ytower
H01-319,涼圓,null,https://www.ytower.com.tw/recipe/iframe-recipe.asp?seq=H01-319,null,食材,水,200,cc,2006-01-01,2025-11-17 16:30:27,ytower
H01-319,涼圓,null,https://www.ytower.com.tw/recipe/iframe-recipe.asp?seq=H01-319,null,食材,太白粉,35,公克,2006-01-01,2025-11-17 16:30:27,ytower
H01-319,涼圓,null,https://www.ytower.com.tw/recipe/iframe-recipe.asp?seq=H01-319,null,食材,糖粉,5,公克,2006-01-01,2025-11-17 16:30:27,ytower
H01-319,涼圓,null,https://www.ytower.com.tw/recipe/iframe-recipe.asp?seq=H01-319,null,食材,澄粉,15,公克,2006-01-01,2025-11-17 16:30:27,ytower
H01-319,涼圓,null,https://www.ytower.com.tw/recipe/iframe-recipe.asp?seq=H01-319,null,食材,水果餡,,適量,2006-01-01,2025-11-17 16:30:27,ytower
H01-358,大甲奶油酥餅,null,https://www.ytower.com.tw/recipe/iframe-recipe.asp?seq=H01-358,null,食材,"油皮：
冷水",60,公克,2006-01-01,2025-11-17 16:30:28,ytower
H01-358,大甲奶油酥餅,null,https://www.ytower.com.tw/recipe/iframe-recipe.asp?seq=H01-358,null,食材,中筋麵粉,307,公克,2006-01-01,2025-11-17 16:30:28,ytower
H01-358,大甲奶油酥餅,null,https://www.ytower.com.tw/recipe/iframe-recipe.asp?seq=H01-358,null,食材,沸水,155,公克,2006-01-01,2025-11-17 16:30:28,ytower
H01-358,大甲奶油酥餅,null,https://www.ytower.com.tw/recipe/iframe-recipe.asp?seq=H01-358,null,食材,"油酥：
奶油",85,公克,2006-01-01,2025-11-17 16:30:28,ytower
H01-358,大甲奶油酥餅,null,https://www.ytower.com.tw/recipe/iframe-recipe.asp?seq=H01-358,null,食材,低筋麵粉,180,公克,2006-01-01,2025-11-17 16:30:28,ytower
H01-358,大甲奶油酥餅,null,https://www.ytower.com.tw/recipe/iframe-recipe.asp?seq=H01-358,null,食材,"餡料：
水",15,公克,2006-01-01,2025-11-17 16:30:28,ytower
H01-358,大甲奶油酥餅,null,https://www.ytower.com.tw/recipe/iframe-recipe.asp?seq=H01-358,null,食材,奶油,30,公克,2006-01-01,2025-11-17 16:30:28,ytower
H01-358,大甲奶油酥餅,null,https://www.ytower.com.tw/recipe/iframe-recipe.asp?seq=H01-358,null,食材,麥芽糖,42,公克,2006-01-01,2025-11-17 16:30:28,ytower
H01-358,大甲奶油酥餅,null,https://www.ytower.com.tw/recipe/iframe-recipe.asp?seq=H01-358,null,食材,熟麵粉,45,公克,2006-01-01,2025-11-17 16:30:28,ytower
H01-358,大甲奶油酥餅,null,https://www.ytower.com.tw/recipe/iframe-recipe.asp?seq=H01-358,null,食材,糖粉,130,公克,2006-01-01,2025-11-17 16:30:28,ytower
F04-0674,涼拌秋葵,null,https://www.ytower.com.tw/recipe/iframe-recipe.asp?seq=F04-0674,null,食材,秋葵,250,公克,2016-01-27,2025-11-17 16:30:30,ytower
F04-0674,涼拌秋葵,null,https://www.ytower.com.tw/recipe/iframe-recipe.asp?seq=F04-0674,null,食材,黃甜椒,1/3,顆,2016-01-27,2025-11-17 16:30:30,ytower
F04-0674,涼拌秋葵,null,https://www.ytower.com.tw/recipe/iframe-recipe.asp?seq=F04-0674,null,食材,紅甜椒,1/3,顆,2016-01-27,2025-11-17 16:30:30,ytower
F04-0674,涼拌秋葵,null,https://www.ytower.com.tw/recipe/iframe-recipe.asp?seq=F04-0674,null,食材,香菜碎,,少許,2016-01-27,2025-11-17 16:30:30,ytower
F04-0674,涼拌秋葵,null,https://www.ytower.com.tw/recipe/iframe-recipe.asp?seq=F04-0674,null,調味料,蒜味腐乳醬,1,大匙,2016-01-27,2025-11-17 16:30:30,ytower
E01-0120,素食滷味,null,https://www.ytower.com.tw/recipe/iframe-recipe.asp?seq=E01-0120,null,食材,紅蘿蔔,1,條,2008-09-01,2025-11-17 16:30:31,ytower
E01-0120,素食滷味,null,https://www.ytower.com.tw/recipe/iframe-recipe.asp?seq=E01-0120,null,食材,白蘿蔔,1,條,2008-09-01,2025-11-17 16:30:31,ytower
E01-0120,素食滷味,null,https://www.ytower.com.tw/recipe/iframe-recipe.asp?seq=E01-0120,null,食材,素豆雞,2,個,2008-09-01,2025-11-17 16:30:31,ytower
E01-0120,素食滷味,null,https://www.ytower.com.tw/recipe/iframe-recipe.asp?seq=E01-0120,null,食材,鮮香菇,6,朵,2008-09-01,2025-11-17 16:30:31,ytower
E01-0120,素食滷味,null,https://www.ytower.com.tw/recipe/iframe-recipe.asp?seq=E01-0120,null,食材,素肉,3,塊,2008-09-01,2025-11-17 16:30:31,ytower
E01-0120,素食滷味,null,https://www.ytower.com.tw/recipe/iframe-recipe.asp?seq=E01-0120,null,食材,洋菇,6,朵,2008-09-01,2025-11-17 16:30:31,ytower
E01-0120,素食滷味,null,https://www.ytower.com.tw/recipe/iframe-recipe.asp?seq=E01-0120,null,食材,素鴨,1,個,2008-09-01,2025-11-17 16:30:31,ytower
E01-0120,素食滷味,null,https://www.ytower.com.tw/recipe/iframe-recipe.asp?seq=E01-0120,null,食材,"滷汁：
滷包",1,包,2008-09-01,2025-11-17 16:30:31,ytower
E01-0120,素食滷味,null,https://www.ytower.com.tw/recipe/iframe-recipe.asp?seq=E01-0120,null,食材,醬油,3,杯,2008-09-01,2025-11-17 16:30:31,ytower
E01-0120,素食滷味,null,https://www.ytower.com.tw/recipe/iframe-recipe.asp?seq=E01-0120,null,食材,辣豆瓣醬,1/2,杯,2008-09-01,2025-11-17 16:30:31,ytower
E01-0120,素食滷味,null,https://www.ytower.com.tw/recipe/iframe-recipe.asp?seq=E01-0120,null,食材,薑,6,片,2008-09-01,2025-11-17 16:30:31,ytower
E01-0120,素食滷味,null,https://www.ytower.com.tw/recipe/iframe-recipe.asp?seq=E01-0120,null,食材,辣椒,3,條,2008-09-01,2025-11-17 16:30:31,ytower
E01-0120,素食滷味,null,https://www.ytower.com.tw/recipe/iframe-recipe.asp?seq=E01-0120,null,食材,糖,1/2,杯,2008-09-01,2025-11-17 16:30:31,ytower
E01-0120,素食滷味,null,https://www.ytower.com.tw/recipe/iframe-recipe.asp?seq=E01-0120,null,食材,素高湯粉,1,大匙,2008-09-01,2025-11-17 16:30:31,ytower
E01-0120,素食滷味,null,https://www.ytower.com.tw/recipe/iframe-recipe.asp?seq=E01-0120,null,食材,香菇精,1,茶匙,2008-09-01,2025-11-17 16:30:31,ytower
E01-0120,素食滷味,null,https://www.ytower.com.tw/recipe/iframe-recipe.asp?seq=E01-0120,null,食材,濃縮滷漿,1,大匙,2008-09-01,2025-11-17 16:30:31,ytower
E01-0120,素食滷味,null,https://www.ytower.com.tw/recipe/iframe-recipe.asp?seq=E01-0120,null,食材,水,3000,cc,2008-09-01,2025-11-17 16:30:31,ytower
F04-0550,鹹蛋炒南瓜,null,https://www.ytower.com.tw/recipe/iframe-recipe.asp?seq=F04-0550,null,食材,熟鹹蛋,2,顆,2011-08-29,2025-11-17 16:30:33,ytower
F04-0550,鹹蛋炒南瓜,null,https://www.ytower.com.tw/recipe/iframe-recipe.asp?seq=F04-0550,null,食材,南瓜,300,公克,2011-08-29,2025-11-17 16:30:33,ytower
F04-0550,鹹蛋炒南瓜,null,https://www.ytower.com.tw/recipe/iframe-recipe.asp?seq=F04-0550,null,食材,蒜末,1/2,茶匙,2011-08-29,2025-11-17 16:30:33,ytower
F04-0550,鹹蛋炒南瓜,null,https://www.ytower.com.tw/recipe/iframe-recipe.asp?seq=F04-0550,null,食材,蔥花,1,茶匙,2011-08-29,2025-11-17 16:30:33,ytower
F04-0550,鹹蛋炒南瓜,null,https://www.ytower.com.tw/recipe/iframe-recipe.asp?seq=F04-0550,null,食材,水,1/2,碗,2011-08-29,2025-11-17 16:30:33,ytower
C01-0641,用電子鍋做蛋糕,null,https://www.ytower.com.tw/recipe/iframe-recipe.asp?seq=C01-0641,null,食材,全蛋,200,g,2013-08-26,2025-11-17 16:30:34,ytower
C01-0641,用電子鍋做蛋糕,null,https://www.ytower.com.tw/recipe/iframe-recipe.asp?seq=C01-0641,null,食材,細砂糖,200,g,2013-08-26,2025-11-17 16:30:34,ytower
C01-0641,用電子鍋做蛋糕,null,https://www.ytower.com.tw/recipe/iframe-recipe.asp?seq=C01-0641,null,食材,低筋麵粉,170,g,2013-08-26,2025-11-17 16:30:34,ytower
C01-0641,用電子鍋做蛋糕,null,https://www.ytower.com.tw/recipe/iframe-recipe.asp?seq=C01-0641,null,食材,沙拉油,50,g,2013-08-26,2025-11-17 16:30:34,ytower
C01-0761,德式布丁塔,null,https://www.ytower.com.tw/recipe/iframe-recipe.asp?seq=C01-0761,null,食材,A.奶油,85,公克,2015-12-23,2025-11-17 16:30:36,ytower
C01-0761,德式布丁塔,null,https://www.ytower.com.tw/recipe/iframe-recipe.asp?seq=C01-0761,null,食材,糖粉,85,公克,2015-12-23,2025-11-17 16:30:36,ytower
C01-0761,德式布丁塔,null,https://www.ytower.com.tw/recipe/iframe-recipe.asp?seq=C01-0761,null,食材,鹽,2,公克,2015-12-23,2025-11-17 16:30:36,ytower
C01-0761,德式布丁塔,null,https://www.ytower.com.tw/recipe/iframe-recipe.asp?seq=C01-0761,null,食材,全蛋,45,公克,2015-12-23,2025-11-17 16:30:36,ytower
C01-0761,德式布丁塔,null,https://www.ytower.com.tw/recipe/iframe-recipe.asp?seq=C01-0761,null,食材,低筋麵粉,175,公克,2015-12-23,2025-11-17 16:30:36,ytower
C01-0761,德式布丁塔,null,https://www.ytower.com.tw/recipe/iframe-recipe.asp?seq=C01-0761,null,食材,高筋麵粉,25,公克,2015-12-23,2025-11-17 16:30:36,ytower
C01-0761,德式布丁塔,null,https://www.ytower.com.tw/recipe/iframe-recipe.asp?seq=C01-0761,null,食材,B.奶油乳酪,40,公克,2015-12-23,2025-11-17 16:30:36,ytower
C01-0761,德式布丁塔,null,https://www.ytower.com.tw/recipe/iframe-recipe.asp?seq=C01-0761,null,食材,鮮奶,160,公克,2015-12-23,2025-11-17 16:30:36,ytower
C01-0761,德式布丁塔,null,https://www.ytower.com.tw/recipe/iframe-recipe.asp?seq=C01-0761,null,食材,砂糖,30,公克,2015-12-23,2025-11-17 16:30:36,ytower
C01-0761,德式布丁塔,null,https://www.ytower.com.tw/recipe/iframe-recipe.asp?seq=C01-0761,null,食材,香草莢,1/2,條,2015-12-23,2025-11-17 16:30:36,ytower
C01-0761,德式布丁塔,null,https://www.ytower.com.tw/recipe/iframe-recipe.asp?seq=C01-0761,null,食材,動物性鮮奶油,200,公克,2015-12-23,2025-11-17 16:30:36,ytower
C01-0761,德式布丁塔,null,https://www.ytower.com.tw/recipe/iframe-recipe.asp?seq=C01-0761,null,食材,蘭姆酒,8,公克,2015-12-23,2025-11-17 16:30:36,ytower
C01-0761,德式布丁塔,null,https://www.ytower.com.tw/recipe/iframe-recipe.asp?seq=C01-0761,null,食材,蛋黃,80,公克,2015-12-23,2025-11-17 16:30:36,ytower
G02-1028,鮮奶小饅頭,null,https://www.ytower.com.tw/recipe/iframe-recipe.asp?seq=G02-1028,null,食材,中筋麵粉,600,公克,2007-12-28,2025-11-17 16:30:38,ytower
G02-1028,鮮奶小饅頭,null,https://www.ytower.com.tw/recipe/iframe-recipe.asp?seq=G02-1028,null,食材,細糖,50,公克,2007-12-28,2025-11-17 16:30:38,ytower
G02-1028,鮮奶小饅頭,null,https://www.ytower.com.tw/recipe/iframe-recipe.asp?seq=G02-1028,null,食材,酵母粉,6,公克,2007-12-28,2025-11-17 16:30:38,ytower
G02-1028,鮮奶小饅頭,null,https://www.ytower.com.tw/recipe/iframe-recipe.asp?seq=G02-1028,null,食材,泡打粉,5,公克,2007-12-28,2025-11-17 16:30:38,ytower
G02-1028,鮮奶小饅頭,null,https://www.ytower.com.tw/recipe/iframe-recipe.asp?seq=G02-1028,null,食材,鮮奶,280,㏄,2007-12-28,2025-11-17 16:30:38,ytower
G01-0950,甜年糕,null,https://www.ytower.com.tw/recipe/iframe-recipe.asp?seq=G01-0950,null,食材,糯米粉,300,公克,2013-01-11,2025-11-17 16:30:40,ytower
G01-0950,甜年糕,null,https://www.ytower.com.tw/recipe/iframe-recipe.asp?seq=G01-0950,null,食材,水,350,cc,2013-01-11,2025-11-17 16:30:40,ytower
G01-0950,甜年糕,null,https://www.ytower.com.tw/recipe/iframe-recipe.asp?seq=G01-0950,null,食材,二砂糖,150,公克,2013-01-11,2025-11-17 16:30:40,ytower
G01-0950,甜年糕,null,https://www.ytower.com.tw/recipe/iframe-recipe.asp?seq=G01-0950,null,食材,黑糖,30,公克,2013-01-11,2025-11-17 16:30:40,ytower
G01-0950,甜年糕,null,https://www.ytower.com.tw/recipe/iframe-recipe.asp?seq=G01-0950,null,食材,玻璃紙,1,張,2013-01-11,2025-11-17 16:30:40,ytower
F07-0452,蕃茄蔬菜湯,null,https://www.ytower.com.tw/recipe/iframe-recipe.asp?seq=F07-0452,null,食材,紅蕃茄,400,公克,2008-08-01,2025-11-17 16:30:41,ytower
F07-0452,蕃茄蔬菜湯,null,https://www.ytower.com.tw/recipe/iframe-recipe.asp?seq=F07-0452,null,食材,乾白木耳,15,公克,2008-08-01,2025-11-17 16:30:41,ytower
F07-0452,蕃茄蔬菜湯,null,https://www.ytower.com.tw/recipe/iframe-recipe.asp?seq=F07-0452,null,食材,秋葵,3,支,2008-08-01,2025-11-17 16:30:41,ytower
F07-0452,蕃茄蔬菜湯,null,https://www.ytower.com.tw/recipe/iframe-recipe.asp?seq=F07-0452,null,食材,水,400,㏄,2008-08-01,2025-11-17 16:30:41,ytower
F07-0452,蕃茄蔬菜湯,null,https://www.ytower.com.tw/recipe/iframe-recipe.asp?seq=F07-0452,null,食材,蔬菜高湯,200,㏄,2008-08-01,2025-11-17 16:30:41,ytower
F07-0452,蕃茄蔬菜湯,null,https://www.ytower.com.tw/recipe/iframe-recipe.asp?seq=F07-0452,null,調味料,味醂,10,㏄,2008-08-01,2025-11-17 16:30:41,ytower
F06-0322,涼拌木耳,null,https://www.ytower.com.tw/recipe/iframe-recipe.asp?seq=F06-0322,null,食材,泡發黑木耳,60,公克,2012-04-11,2025-11-17 16:30:42,ytower
F06-0322,涼拌木耳,null,https://www.ytower.com.tw/recipe/iframe-recipe.asp?seq=F06-0322,null,食材,紅蘿蔔片,10,公克,2012-04-11,2025-11-17 16:30:42,ytower
F06-0322,涼拌木耳,null,https://www.ytower.com.tw/recipe/iframe-recipe.asp?seq=F06-0322,null,食材,小黃瓜片,10,公克,2012-04-11,2025-11-17 16:30:42,ytower
F06-0322,涼拌木耳,null,https://www.ytower.com.tw/recipe/iframe-recipe.asp?seq=F06-0322,null,食材,辣椒片,10,公克,2012-04-11,2025-11-17 16:30:42,ytower
F06-0322,涼拌木耳,null,https://www.ytower.com.tw/recipe/iframe-recipe.asp?seq=F06-0322,null,食材,蒜末,10,公克,2012-04-11,2025-11-17 16:30:42,ytower
F06-0322,涼拌木耳,null,https://www.ytower.com.tw/recipe/iframe-recipe.asp?seq=F06-0322,null,調味料,鹽,1/6,茶匙,2012-04-11,2025-11-17 16:30:42,ytower
F06-0322,涼拌木耳,null,https://www.ytower.com.tw/recipe/iframe-recipe.asp?seq=F06-0322,null,調味料,細砂糖,1,茶匙,2012-04-11,2025-11-17 16:30:42,ytower
F06-0322,涼拌木耳,null,https://www.ytower.com.tw/recipe/iframe-recipe.asp?seq=F06-0322,null,調味料,烏醋,2,茶匙,2012-04-11,2025-11-17 16:30:42,ytower
F06-0322,涼拌木耳,null,https://www.ytower.com.tw/recipe/iframe-recipe.asp?seq=F06-0322,null,調味料,辣油,1,大匙,2012-04-11,2025-11-17 16:30:42,ytower
H01-491,炸湯圓,null,https://www.ytower.com.tw/recipe/iframe-recipe.asp?seq=H01-491,null,食材,糯米粉,250,公克,2006-01-01,2025-11-17 16:30:44,ytower
H01-491,炸湯圓,null,https://www.ytower.com.tw/recipe/iframe-recipe.asp?seq=H01-491,null,食材,水,130,㏄,2006-01-01,2025-11-17 16:30:44,ytower
H01-491,炸湯圓,null,https://www.ytower.com.tw/recipe/iframe-recipe.asp?seq=H01-491,null,食材,花生粉,,適量,2006-01-01,2025-11-17 16:30:44,ytower
H01-491,炸湯圓,null,https://www.ytower.com.tw/recipe/iframe-recipe.asp?seq=H01-491,null,食材,沙拉油,500,㏄,2006-01-01,2025-11-17 16:30:44,ytower
F01-291,地瓜圓,null,https://www.ytower.com.tw/recipe/iframe-recipe.asp?seq=F01-291,null,食材,紅心地瓜,300,公克,2006-01-01,2025-11-17 16:30:45,ytower
F01-291,地瓜圓,null,https://www.ytower.com.tw/recipe/iframe-recipe.asp?seq=F01-291,null,食材,蕃薯粉,120,公克,2006-01-01,2025-11-17 16:30:45,ytower
F01-291,地瓜圓,null,https://www.ytower.com.tw/recipe/iframe-recipe.asp?seq=F01-291,null,食材,太白粉,30,公克,2006-01-01,2025-11-17 16:30:45,ytower
F01-291,地瓜圓,null,https://www.ytower.com.tw/recipe/iframe-recipe.asp?seq=F01-291,null,食材,水,30,cc,2006-01-01,2025-11-17 16:30:45,ytower
F01-291,地瓜圓,null,https://www.ytower.com.tw/recipe/iframe-recipe.asp?seq=F01-291,null,調味料,白砂糖,2,大匙,2006-01-01,2025-11-17 16:30:45,ytower
I03-1460,糖醋醬,null,https://www.ytower.com.tw/recipe/iframe-recipe.asp?seq=I03-1460,null,食材,蕃茄醬,70,公克,2013-06-11,2025-11-17 16:30:47,ytower
I03-1460,糖醋醬,null,https://www.ytower.com.tw/recipe/iframe-recipe.asp?seq=I03-1460,null,食材,白醋,50,公克,2013-06-11,2025-11-17 16:30:47,ytower
I03-1460,糖醋醬,null,https://www.ytower.com.tw/recipe/iframe-recipe.asp?seq=I03-1460,null,食材,細糖,50,公克,2013-06-11,2025-11-17 16:30:47,ytower
I03-1460,糖醋醬,null,https://www.ytower.com.tw/recipe/iframe-recipe.asp?seq=I03-1460,null,食材,蒜頭,20,公克,2013-06-11,2025-11-17 16:30:47,ytower
I03-1460,糖醋醬,null,https://www.ytower.com.tw/recipe/iframe-recipe.asp?seq=I03-1460,null,食材,香油,30,公克,2013-06-11,2025-11-17 16:30:47,ytower
I03-1460,糖醋醬,null,https://www.ytower.com.tw/recipe/iframe-recipe.asp?seq=I03-1460,null,食材,鹽,3,公克,2013-06-11,2025-11-17 16:30:47,ytower
F01-0653,香菇素麵線,null,https://www.ytower.com.tw/recipe/iframe-recipe.asp?seq=F01-0653,null,食材,紅麵線,200,公克,2008-01-02,2025-11-17 16:30:48,ytower
F01-0653,香菇素麵線,null,https://www.ytower.com.tw/recipe/iframe-recipe.asp?seq=F01-0653,null,食材,乾香菇,50,公克,2008-01-02,2025-11-17 16:30:48,ytower
F01-0653,香菇素麵線,null,https://www.ytower.com.tw/recipe/iframe-recipe.asp?seq=F01-0653,null,食材,沙拉筍,30,公克,2008-01-02,2025-11-17 16:30:48,ytower
F01-0653,香菇素麵線,null,https://www.ytower.com.tw/recipe/iframe-recipe.asp?seq=F01-0653,null,食材,紅蘿蔔,30,公克,2008-01-02,2025-11-17 16:30:48,ytower
F01-0653,香菇素麵線,null,https://www.ytower.com.tw/recipe/iframe-recipe.asp?seq=F01-0653,null,食材,素肉絲,20,公克,2008-01-02,2025-11-17 16:30:48,ytower
F01-0653,香菇素麵線,null,https://www.ytower.com.tw/recipe/iframe-recipe.asp?seq=F01-0653,null,食材,沙拉油,2,大匙,2008-01-02,2025-11-17 16:30:48,ytower
F01-0653,香菇素麵線,null,https://www.ytower.com.tw/recipe/iframe-recipe.asp?seq=F01-0653,null,食材,薑末,10,公克,2008-01-02,2025-11-17 16:30:48,ytower
F01-0653,香菇素麵線,null,https://www.ytower.com.tw/recipe/iframe-recipe.asp?seq=F01-0653,null,食材,香菜,,適量,2008-01-02,2025-11-17 16:30:48,ytower
F01-0653,香菇素麵線,null,https://www.ytower.com.tw/recipe/iframe-recipe.asp?seq=F01-0653,null,食材,香油,,少許,2008-01-02,2025-11-17 16:30:48,ytower
F01-0653,香菇素麵線,null,https://www.ytower.com.tw/recipe/iframe-recipe.asp?seq=F01-0653,null,食材,烏醋,,少許,2008-01-02,2025-11-17 16:30:48,ytower
F01-0653,香菇素麵線,null,https://www.ytower.com.tw/recipe/iframe-recipe.asp?seq=F01-0653,null,調味料,A.醬油,1,大匙,2008-01-02,2025-11-17 16:30:48,ytower
F01-0653,香菇素麵線,null,https://www.ytower.com.tw/recipe/iframe-recipe.asp?seq=F01-0653,null,調味料,B.鹽,1,小匙,2008-01-02,2025-11-17 16:30:48,ytower
F01-0653,香菇素麵線,null,https://www.ytower.com.tw/recipe/iframe-recipe.asp?seq=F01-0653,null,調味料,香菇精,1,小匙,2008-01-02,2025-11-17 16:30:48,ytower
F01-0653,香菇素麵線,null,https://www.ytower.com.tw/recipe/iframe-recipe.asp?seq=F01-0653,null,調味料,冰糖,1,小匙,2008-01-02,2025-11-17 16:30:48,ytower
F01-0653,香菇素麵線,null,https://www.ytower.com.tw/recipe/iframe-recipe.asp?seq=F01-0653,null,調味料,素沙茶醬,1,大匙,2008-01-02,2025-11-17 16:30:48,ytower
F01-0669,醃大頭菜,null,https://www.ytower.com.tw/recipe/iframe-recipe.asp?seq=F01-0669,null,食材,大頭菜,1,顆,2008-01-23,2025-11-17 16:30:49,ytower
F01-0669,醃大頭菜,null,https://www.ytower.com.tw/recipe/iframe-recipe.asp?seq=F01-0669,null,調味料,辣豆瓣醬,2,大匙,2008-01-23,2025-11-17 16:30:49,ytower
F01-0669,醃大頭菜,null,https://www.ytower.com.tw/recipe/iframe-recipe.asp?seq=F01-0669,null,調味料,二砂糖,50,公克,2008-01-23,2025-11-17 16:30:49,ytower
F01-0669,醃大頭菜,null,https://www.ytower.com.tw/recipe/iframe-recipe.asp?seq=F01-0669,null,調味料,淡醬油,1,大匙,2008-01-23,2025-11-17 16:30:49,ytower
H01-368,宜蘭牛舌餅,null,https://www.ytower.com.tw/recipe/iframe-recipe.asp?seq=H01-368,null,食材,"油皮：
紅糖",10,公克,2006-01-01,2025-11-17 16:30:50,ytower
H01-368,宜蘭牛舌餅,null,https://www.ytower.com.tw/recipe/iframe-recipe.asp?seq=H01-368,null,食材,中筋麵粉,300,公克,2006-01-01,2025-11-17 16:30:50,ytower
H01-368,宜蘭牛舌餅,null,https://www.ytower.com.tw/recipe/iframe-recipe.asp?seq=H01-368,null,食材,水,140,公克,2006-01-01,2025-11-17 16:30:50,ytower
H01-368,宜蘭牛舌餅,null,https://www.ytower.com.tw/recipe/iframe-recipe.asp?seq=H01-368,null,食材,奶油,90,公克,2006-01-01,2025-11-17 16:30:50,ytower
H01-368,宜蘭牛舌餅,null,https://www.ytower.com.tw/recipe/iframe-recipe.asp?seq=H01-368,null,食材,細砂糖,30,公克,2006-01-01,2025-11-17 16:30:50,ytower
H01-368,宜蘭牛舌餅,null,https://www.ytower.com.tw/recipe/iframe-recipe.asp?seq=H01-368,null,食材,"餡料：
水",5,公克,2006-01-01,2025-11-17 16:30:50,ytower
H01-368,宜蘭牛舌餅,null,https://www.ytower.com.tw/recipe/iframe-recipe.asp?seq=H01-368,null,食材,奶油,30,公克,2006-01-01,2025-11-17 16:30:50,ytower
H01-368,宜蘭牛舌餅,null,https://www.ytower.com.tw/recipe/iframe-recipe.asp?seq=H01-368,null,食材,熟麵粉,35,公克,2006-01-01,2025-11-17 16:30:50,ytower
H01-368,宜蘭牛舌餅,null,https://www.ytower.com.tw/recipe/iframe-recipe.asp?seq=H01-368,null,食材,糖粉,120,公克,2006-01-01,2025-11-17 16:30:50,ytower
H01-368,宜蘭牛舌餅,null,https://www.ytower.com.tw/recipe/iframe-recipe.asp?seq=H01-368,null,食材,麥芽糖,30,公克,2006-01-01,2025-11-17 16:30:50,ytower
F05-0375,洋菇炒甜豆,null,https://www.ytower.com.tw/recipe/iframe-recipe.asp?seq=F05-0375,null,食材,洋菇,100,公克,2010-05-26,2025-11-17 16:30:51,ytower
F05-0375,洋菇炒甜豆,null,https://www.ytower.com.tw/recipe/iframe-recipe.asp?seq=F05-0375,null,食材,甜豆,150,公克,2010-05-26,2025-11-17 16:30:51,ytower
F05-0375,洋菇炒甜豆,null,https://www.ytower.com.tw/recipe/iframe-recipe.asp?seq=F05-0375,null,食材,紅甜椒,20,公克,2010-05-26,2025-11-17 16:30:51,ytower
F05-0375,洋菇炒甜豆,null,https://www.ytower.com.tw/recipe/iframe-recipe.asp?seq=F05-0375,null,食材,黃甜椒,20,公克,2010-05-26,2025-11-17 16:30:51,ytower
F05-0375,洋菇炒甜豆,null,https://www.ytower.com.tw/recipe/iframe-recipe.asp?seq=F05-0375,null,食材,蔥,1,支,2010-05-26,2025-11-17 16:30:51,ytower
F05-0375,洋菇炒甜豆,null,https://www.ytower.com.tw/recipe/iframe-recipe.asp?seq=F05-0375,null,食材,蒜頭,3,粒,2010-05-26,2025-11-17 16:30:51,ytower
F05-0375,洋菇炒甜豆,null,https://www.ytower.com.tw/recipe/iframe-recipe.asp?seq=F05-0375,null,調味料,蠔油,1,小匙,2010-05-26,2025-11-17 16:30:51,ytower
F05-0375,洋菇炒甜豆,null,https://www.ytower.com.tw/recipe/iframe-recipe.asp?seq=F05-0375,null,調味料,醬油,1,小匙,2010-05-26,2025-11-17 16:30:51,ytower
F05-0375,洋菇炒甜豆,null,https://www.ytower.com.tw/recipe/iframe-recipe.asp?seq=F05-0375,null,調味料,雞粉,1,小匙,2010-05-26,2025-11-17 16:30:51,ytower
F05-0375,洋菇炒甜豆,null,https://www.ytower.com.tw/recipe/iframe-recipe.asp?seq=F05-0375,null,調味料,糖,1,小匙,2010-05-26,2025-11-17 16:30:51,ytower
E01-0224,乾燒麵腸,null,https://www.ytower.com.tw/recipe/iframe-recipe.asp?seq=E01-0224,null,食材,麵腸,400,公克,2015-05-20,2025-11-17 16:30:53,ytower
E01-0224,乾燒麵腸,null,https://www.ytower.com.tw/recipe/iframe-recipe.asp?seq=E01-0224,null,食材,薑末,10,公克,2015-05-20,2025-11-17 16:30:53,ytower
E01-0224,乾燒麵腸,null,https://www.ytower.com.tw/recipe/iframe-recipe.asp?seq=E01-0224,null,食材,香菜,5,公克,2015-05-20,2025-11-17 16:30:53,ytower
E01-0224,乾燒麵腸,null,https://www.ytower.com.tw/recipe/iframe-recipe.asp?seq=E01-0224,null,食材,香油,1,大匙,2015-05-20,2025-11-17 16:30:53,ytower
E01-0224,乾燒麵腸,null,https://www.ytower.com.tw/recipe/iframe-recipe.asp?seq=E01-0224,null,食材,水,20,㏄,2015-05-20,2025-11-17 16:30:53,ytower
E01-0224,乾燒麵腸,null,https://www.ytower.com.tw/recipe/iframe-recipe.asp?seq=E01-0224,null,調味料,醬油,1,又1/2大匙,2015-05-20,2025-11-17 16:30:53,ytower
E01-0224,乾燒麵腸,null,https://www.ytower.com.tw/recipe/iframe-recipe.asp?seq=E01-0224,null,調味料,糖,1/2,小匙,2015-05-20,2025-11-17 16:30:53,ytower
E01-0224,乾燒麵腸,null,https://www.ytower.com.tw/recipe/iframe-recipe.asp?seq=E01-0224,null,調味料,米酒,1,大匙,2015-05-20,2025-11-17 16:30:53,ytower
E01-0224,乾燒麵腸,null,https://www.ytower.com.tw/recipe/iframe-recipe.asp?seq=E01-0224,null,調味料,素烏醋,,少許,2015-05-20,2025-11-17 16:30:53,ytower
B04-0519,韓式海鮮煎餅,null,https://www.ytower.com.tw/recipe/iframe-recipe.asp?seq=B04-0519,null,食材,透抽,1,尾,2015-03-16,2025-11-17 16:30:55,ytower
B04-0519,韓式海鮮煎餅,null,https://www.ytower.com.tw/recipe/iframe-recipe.asp?seq=B04-0519,null,食材,蝦仁,50,公克,2015-03-16,2025-11-17 16:30:55,ytower
B04-0519,韓式海鮮煎餅,null,https://www.ytower.com.tw/recipe/iframe-recipe.asp?seq=B04-0519,null,食材,蟳味棒,3,根,2015-03-16,2025-11-17 16:30:55,ytower
B04-0519,韓式海鮮煎餅,null,https://www.ytower.com.tw/recipe/iframe-recipe.asp?seq=B04-0519,null,食材,韭菜,30,公克,2015-03-16,2025-11-17 16:30:55,ytower
B04-0519,韓式海鮮煎餅,null,https://www.ytower.com.tw/recipe/iframe-recipe.asp?seq=B04-0519,null,食材,蒜頭,2,粒,2015-03-16,2025-11-17 16:30:55,ytower
B04-0519,韓式海鮮煎餅,null,https://www.ytower.com.tw/recipe/iframe-recipe.asp?seq=B04-0519,null,食材,辣椒,1/2,根,2015-03-16,2025-11-17 16:30:55,ytower
B04-0519,韓式海鮮煎餅,null,https://www.ytower.com.tw/recipe/iframe-recipe.asp?seq=B04-0519,null,食材,青蔥,1,根,2015-03-16,2025-11-17 16:30:55,ytower
B04-0519,韓式海鮮煎餅,null,https://www.ytower.com.tw/recipe/iframe-recipe.asp?seq=B04-0519,null,食材,麵糊:中筋麵粉,120,公克,2015-03-16,2025-11-17 16:30:55,ytower
B04-0519,韓式海鮮煎餅,null,https://www.ytower.com.tw/recipe/iframe-recipe.asp?seq=B04-0519,null,食材,太白粉,30,公克,2015-03-16,2025-11-17 16:30:55,ytower
B04-0519,韓式海鮮煎餅,null,https://www.ytower.com.tw/recipe/iframe-recipe.asp?seq=B04-0519,null,食材,雞蛋,2,顆,2015-03-16,2025-11-17 16:30:55,ytower
B04-0519,韓式海鮮煎餅,null,https://www.ytower.com.tw/recipe/iframe-recipe.asp?seq=B04-0519,null,食材,水,80,cc,2015-03-16,2025-11-17 16:30:55,ytower
B04-0519,韓式海鮮煎餅,null,https://www.ytower.com.tw/recipe/iframe-recipe.asp?seq=B04-0519,null,調味料,白芝麻,1,小匙,2015-03-16,2025-11-17 16:30:55,ytower
B04-0519,韓式海鮮煎餅,null,https://www.ytower.com.tw/recipe/iframe-recipe.asp?seq=B04-0519,null,調味料,鹽,,少許,2015-03-16,2025-11-17 16:30:55,ytower
B04-0519,韓式海鮮煎餅,null,https://www.ytower.com.tw/recipe/iframe-recipe.asp?seq=B04-0519,null,調味料,白胡椒,,少許,2015-03-16,2025-11-17 16:30:55,ytower
D01-0345,豆腐粉絲煲,null,https://www.ytower.com.tw/recipe/iframe-recipe.asp?seq=D01-0345,null,食材,A.冬粉,1,把,2011-05-13,2025-11-17 16:30:56,ytower
D01-0345,豆腐粉絲煲,null,https://www.ytower.com.tw/recipe/iframe-recipe.asp?seq=D01-0345,null,食材,蒜末,10,公克,2011-05-13,2025-11-17 16:30:56,ytower
D01-0345,豆腐粉絲煲,null,https://www.ytower.com.tw/recipe/iframe-recipe.asp?seq=D01-0345,null,食材,蔥段,10,公克,2011-05-13,2025-11-17 16:30:56,ytower
D01-0345,豆腐粉絲煲,null,https://www.ytower.com.tw/recipe/iframe-recipe.asp?seq=D01-0345,null,食材,蛋豆腐,1,盒,2011-05-13,2025-11-17 16:30:56,ytower
D01-0345,豆腐粉絲煲,null,https://www.ytower.com.tw/recipe/iframe-recipe.asp?seq=D01-0345,null,食材,太白粉水,,少許,2011-05-13,2025-11-17 16:30:56,ytower
D01-0345,豆腐粉絲煲,null,https://www.ytower.com.tw/recipe/iframe-recipe.asp?seq=D01-0345,null,食材,B.肉片,50,公克,2011-05-13,2025-11-17 16:30:56,ytower
D01-0345,豆腐粉絲煲,null,https://www.ytower.com.tw/recipe/iframe-recipe.asp?seq=D01-0345,null,食材,甜豆,,適量,2011-05-13,2025-11-17 16:30:56,ytower
D01-0345,豆腐粉絲煲,null,https://www.ytower.com.tw/recipe/iframe-recipe.asp?seq=D01-0345,null,食材,紅蘿蔔片,,適量,2011-05-13,2025-11-17 16:30:56,ytower
D01-0345,豆腐粉絲煲,null,https://www.ytower.com.tw/recipe/iframe-recipe.asp?seq=D01-0345,null,食材,鮮香菇,2,朵,2011-05-13,2025-11-17 16:30:56,ytower
D01-0345,豆腐粉絲煲,null,https://www.ytower.com.tw/recipe/iframe-recipe.asp?seq=D01-0345,null,調味料,A.辣豆瓣醬,1,小匙,2011-05-13,2025-11-17 16:30:56,ytower
D01-0345,豆腐粉絲煲,null,https://www.ytower.com.tw/recipe/iframe-recipe.asp?seq=D01-0345,null,調味料,蠔油,1,小匙,2011-05-13,2025-11-17 16:30:56,ytower
D01-0345,豆腐粉絲煲,null,https://www.ytower.com.tw/recipe/iframe-recipe.asp?seq=D01-0345,null,調味料,雞粉,,少許,2011-05-13,2025-11-17 16:30:56,ytower
D01-0345,豆腐粉絲煲,null,https://www.ytower.com.tw/recipe/iframe-recipe.asp?seq=D01-0345,null,調味料,高湯,100,㏄,2011-05-13,2025-11-17 16:30:56,ytower
D01-0345,豆腐粉絲煲,null,https://www.ytower.com.tw/recipe/iframe-recipe.asp?seq=D01-0345,null,調味料,B.鹽,,少許,2011-05-13,2025-11-17 16:30:56,ytower
D01-0345,豆腐粉絲煲,null,https://www.ytower.com.tw/recipe/iframe-recipe.asp?seq=D01-0345,null,調味料,糖,,少許,2011-05-13,2025-11-17 16:30:56,ytower
D01-0345,豆腐粉絲煲,null,https://www.ytower.com.tw/recipe/iframe-recipe.asp?seq=D01-0345,null,調味料,雞粉,,少許,2011-05-13,2025-11-17 16:30:56,ytower
D01-0345,豆腐粉絲煲,null,https://www.ytower.com.tw/recipe/iframe-recipe.asp?seq=D01-0345,null,調味料,米酒,1,小匙,2011-05-13,2025-11-17 16:30:56,ytower
D01-0345,豆腐粉絲煲,null,https://www.ytower.com.tw/recipe/iframe-recipe.asp?seq=D01-0345,null,調味料,高湯,100,㏄,2011-05-13,2025-11-17 16:30:56,ytower
A02-199,港式叉燒肉,null,https://www.ytower.com.tw/recipe/iframe-recipe.asp?seq=A02-199,null,食材,豬梅花肉,900,公,2006-01-01,2025-11-17 16:30:57,ytower
A02-199,港式叉燒肉,null,https://www.ytower.com.tw/recipe/iframe-recipe.asp?seq=A02-199,null,食材,紅蔥頭末,30,公克,2006-01-01,2025-11-17 16:30:57,ytower
A02-199,港式叉燒肉,null,https://www.ytower.com.tw/recipe/iframe-recipe.asp?seq=A02-199,null,食材,鹽,25,公克,2006-01-01,2025-11-17 16:30:57,ytower
A02-199,港式叉燒肉,null,https://www.ytower.com.tw/recipe/iframe-recipe.asp?seq=A02-199,null,食材,糖,250,公克,2006-01-01,2025-11-17 16:30:57,ytower
A02-199,港式叉燒肉,null,https://www.ytower.com.tw/recipe/iframe-recipe.asp?seq=A02-199,null,食材,香油,20,公克,2006-01-01,2025-11-17 16:30:57,ytower
A02-199,港式叉燒肉,null,https://www.ytower.com.tw/recipe/iframe-recipe.asp?seq=A02-199,null,食材,淡色醬油,150,公克,2006-01-01,2025-11-17 16:30:57,ytower
A02-199,港式叉燒肉,null,https://www.ytower.com.tw/recipe/iframe-recipe.asp?seq=A02-199,null,食材,酒,20,公克,2006-01-01,2025-11-17 16:30:57,ytower
A02-199,港式叉燒肉,null,https://www.ytower.com.tw/recipe/iframe-recipe.asp?seq=A02-199,null,食材,芝麻醬,10,公克,2006-01-01,2025-11-17 16:30:57,ytower
A02-199,港式叉燒肉,null,https://www.ytower.com.tw/recipe/iframe-recipe.asp?seq=A02-199,null,食材,蠔油,10,公克,2006-01-01,2025-11-17 16:30:57,ytower
A02-199,港式叉燒肉,null,https://www.ytower.com.tw/recipe/iframe-recipe.asp?seq=A02-199,null,食材,甜麵醬,25,公克,2006-01-01,2025-11-17 16:30:57,ytower
G02-1141,潤餅皮,null,https://www.ytower.com.tw/recipe/iframe-recipe.asp?seq=G02-1141,null,食材,高筋麵粉,600,公克,2010-04-13,2025-11-17 16:31:00,ytower
G02-1141,潤餅皮,null,https://www.ytower.com.tw/recipe/iframe-recipe.asp?seq=G02-1141,null,食材,水,520,㏄,2010-04-13,2025-11-17 16:31:00,ytower
G02-1141,潤餅皮,null,https://www.ytower.com.tw/recipe/iframe-recipe.asp?seq=G02-1141,null,食材,鹽,10,公克,2010-04-13,2025-11-17 16:31:00,ytower
H01-0613,檸檬愛玉,null,https://www.ytower.com.tw/recipe/iframe-recipe.asp?seq=H01-0613,null,食材,愛玉,500,公克,2007-05-31,2025-11-17 16:31:01,ytower
H01-0613,檸檬愛玉,null,https://www.ytower.com.tw/recipe/iframe-recipe.asp?seq=H01-0613,null,食材,檸檬汁,100,㏄,2007-05-31,2025-11-17 16:31:01,ytower
H01-0613,檸檬愛玉,null,https://www.ytower.com.tw/recipe/iframe-recipe.asp?seq=H01-0613,null,食材,白砂糖,260,公克,2007-05-31,2025-11-17 16:31:01,ytower
H01-0613,檸檬愛玉,null,https://www.ytower.com.tw/recipe/iframe-recipe.asp?seq=H01-0613,null,食材,碎冰塊,500,公克,2007-05-31,2025-11-17 16:31:01,ytower
H01-0613,檸檬愛玉,null,https://www.ytower.com.tw/recipe/iframe-recipe.asp?seq=H01-0613,null,食材,水,1000,㏄,2007-05-31,2025-11-17 16:31:01,ytower
F02-095,素羅宋湯,null,https://www.ytower.com.tw/recipe/iframe-recipe.asp?seq=F02-095,null,食材,高麗菜,1/4,個,2006-01-01,2025-11-17 16:31:02,ytower
F02-095,素羅宋湯,null,https://www.ytower.com.tw/recipe/iframe-recipe.asp?seq=F02-095,null,食材,胡蘿蔔,1/2,個,2006-01-01,2025-11-17 16:31:02,ytower
F02-095,素羅宋湯,null,https://www.ytower.com.tw/recipe/iframe-recipe.asp?seq=F02-095,null,食材,馬鈴薯,1/4,個,2006-01-01,2025-11-17 16:31:02,ytower
F02-095,素羅宋湯,null,https://www.ytower.com.tw/recipe/iframe-recipe.asp?seq=F02-095,null,食材,白花椰菜,1/3,顆,2006-01-01,2025-11-17 16:31:02,ytower
F02-095,素羅宋湯,null,https://www.ytower.com.tw/recipe/iframe-recipe.asp?seq=F02-095,null,食材,小紅蕃茄,12,顆,2006-01-01,2025-11-17 16:31:02,ytower
F02-095,素羅宋湯,null,https://www.ytower.com.tw/recipe/iframe-recipe.asp?seq=F02-095,null,食材,薑片,3,片,2006-01-01,2025-11-17 16:31:02,ytower
F02-095,素羅宋湯,null,https://www.ytower.com.tw/recipe/iframe-recipe.asp?seq=F02-095,null,食材,蕃茄醬,3,匙,2006-01-01,2025-11-17 16:31:02,ytower
F02-095,素羅宋湯,null,https://www.ytower.com.tw/recipe/iframe-recipe.asp?seq=F02-095,null,食材,月桂葉,2,片,2006-01-01,2025-11-17 16:31:02,ytower
F02-095,素羅宋湯,null,https://www.ytower.com.tw/recipe/iframe-recipe.asp?seq=F02-095,null,食材,鹽,1/4,小匙,2006-01-01,2025-11-17 16:31:02,ytower
F02-095,素羅宋湯,null,https://www.ytower.com.tw/recipe/iframe-recipe.asp?seq=F02-095,null,食材,糖,1,小匙,2006-01-01,2025-11-17 16:31:02,ytower
F02-095,素羅宋湯,null,https://www.ytower.com.tw/recipe/iframe-recipe.asp?seq=F02-095,null,食材,醬油,2,大匙,2006-01-01,2025-11-17 16:31:02,ytower
F02-095,素羅宋湯,null,https://www.ytower.com.tw/recipe/iframe-recipe.asp?seq=F02-095,null,食材,熱開水,2,杯,2006-01-01,2025-11-17 16:31:02,ytower
F02-095,素羅宋湯,null,https://www.ytower.com.tw/recipe/iframe-recipe.asp?seq=F02-095,null,調味料,胡椒粉,,少許,2006-01-01,2025-11-17 16:31:02,ytower
F02-095,素羅宋湯,null,https://www.ytower.com.tw/recipe/iframe-recipe.asp?seq=F02-095,null,調味料,香菜,,少許,2006-01-01,2025-11-17 16:31:02,ytower
F01-1356,醃蘿蔔,null,https://www.ytower.com.tw/recipe/iframe-recipe.asp?seq=F01-1356,null,食材,白蘿蔔,1,條,2016-5-24 下午 03:49:00,2025-11-17 16:31:03,ytower
F01-1356,醃蘿蔔,null,https://www.ytower.com.tw/recipe/iframe-recipe.asp?seq=F01-1356,null,食材,鹽,1,大匙,2016-5-24 下午 03:49:00,2025-11-17 16:31:03,ytower
F01-1356,醃蘿蔔,null,https://www.ytower.com.tw/recipe/iframe-recipe.asp?seq=F01-1356,null,食材,辣豆瓣醬,100,公克,2016-5-24 下午 03:49:00,2025-11-17 16:31:03,ytower
F01-1356,醃蘿蔔,null,https://www.ytower.com.tw/recipe/iframe-recipe.asp?seq=F01-1356,null,食材,細砂糖,25,公克,2016-5-24 下午 03:49:00,2025-11-17 16:31:03,ytower
F01-1356,醃蘿蔔,null,https://www.ytower.com.tw/recipe/iframe-recipe.asp?seq=F01-1356,null,食材,白醋,1,大匙,2016-5-24 下午 03:49:00,2025-11-17 16:31:03,ytower
F01-1356,醃蘿蔔,null,https://www.ytower.com.tw/recipe/iframe-recipe.asp?seq=F01-1356,null,食材,米酒,1,大匙,2016-5-24 下午 03:49:00,2025-11-17 16:31:03,ytower
F01-1356,醃蘿蔔,null,https://www.ytower.com.tw/recipe/iframe-recipe.asp?seq=F01-1356,null,食材,蒜末,1,大匙,2016-5-24 下午 03:49:00,2025-11-17 16:31:03,ytower
F01-1356,醃蘿蔔,null,https://www.ytower.com.tw/recipe/iframe-recipe.asp?seq=F01-1356,null,食材,冷開水,150,㏄,2016-5-24 下午 03:49:00,2025-11-17 16:31:03,ytower
F01-1356,醃蘿蔔,null,https://www.ytower.com.tw/recipe/iframe-recipe.asp?seq=F01-1356,null,食材,香油,1/2,大匙,2016-5-24 下午 03:49:00,2025-11-17 16:31:03,ytower
F06-0138,昆布高湯,null,https://www.ytower.com.tw/recipe/iframe-recipe.asp?seq=F06-0138,null,食材,昆布,20,公分,2007-02-01,2025-11-17 16:31:05,ytower
F06-0138,昆布高湯,null,https://www.ytower.com.tw/recipe/iframe-recipe.asp?seq=F06-0138,null,食材,水,1000,cc,2007-02-01,2025-11-17 16:31:05,ytower
D01-0433,蒸三色豆腐,null,https://www.ytower.com.tw/recipe/iframe-recipe.asp?seq=D01-0433,null,食材,百頁豆腐,1,塊,2015-03-20,2025-11-17 16:31:06,ytower
D01-0433,蒸三色豆腐,null,https://www.ytower.com.tw/recipe/iframe-recipe.asp?seq=D01-0433,null,食材,香菇,3,朵,2015-03-20,2025-11-17 16:31:06,ytower
D01-0433,蒸三色豆腐,null,https://www.ytower.com.tw/recipe/iframe-recipe.asp?seq=D01-0433,null,食材,沙拉筍,1/2,支,2015-03-20,2025-11-17 16:31:06,ytower
D01-0433,蒸三色豆腐,null,https://www.ytower.com.tw/recipe/iframe-recipe.asp?seq=D01-0433,null,食材,紅蘿蔔片,40,公克,2015-03-20,2025-11-17 16:31:06,ytower
D01-0433,蒸三色豆腐,null,https://www.ytower.com.tw/recipe/iframe-recipe.asp?seq=D01-0433,null,食材,油,,適量,2015-03-20,2025-11-17 16:31:06,ytower
D01-0433,蒸三色豆腐,null,https://www.ytower.com.tw/recipe/iframe-recipe.asp?seq=D01-0433,null,食材,水,150,㏄,2015-03-20,2025-11-17 16:31:06,ytower
D01-0433,蒸三色豆腐,null,https://www.ytower.com.tw/recipe/iframe-recipe.asp?seq=D01-0433,null,食材,太白粉水,,少許,2015-03-20,2025-11-17 16:31:06,ytower
D01-0433,蒸三色豆腐,null,https://www.ytower.com.tw/recipe/iframe-recipe.asp?seq=D01-0433,null,調味料,素蠔油,,少許,2015-03-20,2025-11-17 16:31:06,ytower
D01-0433,蒸三色豆腐,null,https://www.ytower.com.tw/recipe/iframe-recipe.asp?seq=D01-0433,null,調味料,鹽,1/4,小匙,2015-03-20,2025-11-17 16:31:06,ytower
D01-0433,蒸三色豆腐,null,https://www.ytower.com.tw/recipe/iframe-recipe.asp?seq=D01-0433,null,調味料,香菇粉,,少許,2015-03-20,2025-11-17 16:31:06,ytower
D01-0433,蒸三色豆腐,null,https://www.ytower.com.tw/recipe/iframe-recipe.asp?seq=D01-0433,null,調味料,香油,,少許,2015-03-20,2025-11-17 16:31:06,ytower
I02-0210,黑糖粉粿,null,https://www.ytower.com.tw/recipe/iframe-recipe.asp?seq=I02-0210,null,食材,細地瓜粉,200,公克,2011-02-11,2025-11-17 16:31:07,ytower
I02-0210,黑糖粉粿,null,https://www.ytower.com.tw/recipe/iframe-recipe.asp?seq=I02-0210,null,食材,馬鈴薯澱粉,100,公克,2011-02-11,2025-11-17 16:31:07,ytower
I02-0210,黑糖粉粿,null,https://www.ytower.com.tw/recipe/iframe-recipe.asp?seq=I02-0210,null,食材,黑糖,200,公克,2011-02-11,2025-11-17 16:31:07,ytower
I02-0210,黑糖粉粿,null,https://www.ytower.com.tw/recipe/iframe-recipe.asp?seq=I02-0210,null,食材,水,800,㏄,2011-02-11,2025-11-17 16:31:07,ytower
I03-1429,五味醬,null,https://www.ytower.com.tw/recipe/iframe-recipe.asp?seq=I03-1429,null,食材,a.蕃茄醬,1,又1/2大匙,2012-10-03,2025-11-17 16:31:08,ytower
I03-1429,五味醬,null,https://www.ytower.com.tw/recipe/iframe-recipe.asp?seq=I03-1429,null,食材,醬油膏,1,大匙,2012-10-03,2025-11-17 16:31:08,ytower
I03-1429,五味醬,null,https://www.ytower.com.tw/recipe/iframe-recipe.asp?seq=I03-1429,null,食材,白醋,1,大匙,2012-10-03,2025-11-17 16:31:08,ytower
I03-1429,五味醬,null,https://www.ytower.com.tw/recipe/iframe-recipe.asp?seq=I03-1429,null,食材,香油,1,茶匙,2012-10-03,2025-11-17 16:31:08,ytower
I03-1429,五味醬,null,https://www.ytower.com.tw/recipe/iframe-recipe.asp?seq=I03-1429,null,食材,糖,1,大匙,2012-10-03,2025-11-17 16:31:08,ytower
I03-1429,五味醬,null,https://www.ytower.com.tw/recipe/iframe-recipe.asp?seq=I03-1429,null,食材,b.蒜末,1/2,茶匙,2012-10-03,2025-11-17 16:31:08,ytower
I03-1429,五味醬,null,https://www.ytower.com.tw/recipe/iframe-recipe.asp?seq=I03-1429,null,食材,薑末,1/2,茶匙,2012-10-03,2025-11-17 16:31:08,ytower
I03-1429,五味醬,null,https://www.ytower.com.tw/recipe/iframe-recipe.asp?seq=I03-1429,null,食材,蔥花,1,茶匙,2012-10-03,2025-11-17 16:31:08,ytower
I03-1429,五味醬,null,https://www.ytower.com.tw/recipe/iframe-recipe.asp?seq=I03-1429,null,食材,辣椒末,1/2,茶匙,2012-10-03,2025-11-17 16:31:08,ytower
F06-0296,照燒醬炒杏鮑菇,null,https://www.ytower.com.tw/recipe/iframe-recipe.asp?seq=F06-0296,null,食材,杏鮑菇,180,公克,2011-08-08,2025-11-17 16:31:10,ytower
F06-0296,照燒醬炒杏鮑菇,null,https://www.ytower.com.tw/recipe/iframe-recipe.asp?seq=F06-0296,null,食材,薑,5,公克,2011-08-08,2025-11-17 16:31:10,ytower
F06-0296,照燒醬炒杏鮑菇,null,https://www.ytower.com.tw/recipe/iframe-recipe.asp?seq=F06-0296,null,食材,蒜頭,5,粒,2011-08-08,2025-11-17 16:31:10,ytower
F06-0296,照燒醬炒杏鮑菇,null,https://www.ytower.com.tw/recipe/iframe-recipe.asp?seq=F06-0296,null,食材,辣椒,1/2,條,2011-08-08,2025-11-17 16:31:10,ytower
F06-0296,照燒醬炒杏鮑菇,null,https://www.ytower.com.tw/recipe/iframe-recipe.asp?seq=F06-0296,null,食材,青蔥,1,根,2011-08-08,2025-11-17 16:31:10,ytower
F06-0296,照燒醬炒杏鮑菇,null,https://www.ytower.com.tw/recipe/iframe-recipe.asp?seq=F06-0296,null,調味料,照燒醬,3,大匙,2011-08-08,2025-11-17 16:31:10,ytower
F06-0296,照燒醬炒杏鮑菇,null,https://www.ytower.com.tw/recipe/iframe-recipe.asp?seq=F06-0296,null,調味料,香油,,少許,2011-08-08,2025-11-17 16:31:10,ytower
H01-359,鹿港牛舌餅,null,https://www.ytower.com.tw/recipe/iframe-recipe.asp?seq=H01-359,null,食材,"油皮：
沙拉油",120,公克,2006-01-01,2025-11-17 16:31:11,ytower
H01-359,鹿港牛舌餅,null,https://www.ytower.com.tw/recipe/iframe-recipe.asp?seq=H01-359,null,食材,中筋麵粉,475,公克,2006-01-01,2025-11-17 16:31:11,ytower
H01-359,鹿港牛舌餅,null,https://www.ytower.com.tw/recipe/iframe-recipe.asp?seq=H01-359,null,食材,沸水,240,公克,2006-01-01,2025-11-17 16:31:11,ytower
H01-359,鹿港牛舌餅,null,https://www.ytower.com.tw/recipe/iframe-recipe.asp?seq=H01-359,null,食材,"油酥：
沙拉油",120,公克,2006-01-01,2025-11-17 16:31:11,ytower
H01-359,鹿港牛舌餅,null,https://www.ytower.com.tw/recipe/iframe-recipe.asp?seq=H01-359,null,食材,中筋麵粉,280,公克,2006-01-01,2025-11-17 16:31:11,ytower
H01-359,鹿港牛舌餅,null,https://www.ytower.com.tw/recipe/iframe-recipe.asp?seq=H01-359,null,食材,"餡料：
水",10,公克,2006-01-01,2025-11-17 16:31:11,ytower
H01-359,鹿港牛舌餅,null,https://www.ytower.com.tw/recipe/iframe-recipe.asp?seq=H01-359,null,食材,碎葡萄乾,55,公克,2006-01-01,2025-11-17 16:31:11,ytower
H01-359,鹿港牛舌餅,null,https://www.ytower.com.tw/recipe/iframe-recipe.asp?seq=H01-359,null,食材,奶油,35,公克,2006-01-01,2025-11-17 16:31:11,ytower
H01-359,鹿港牛舌餅,null,https://www.ytower.com.tw/recipe/iframe-recipe.asp?seq=H01-359,null,食材,熟麵粉,45,公克,2006-01-01,2025-11-17 16:31:11,ytower
H01-359,鹿港牛舌餅,null,https://www.ytower.com.tw/recipe/iframe-recipe.asp?seq=H01-359,null,食材,糖粉,145,公克,2006-01-01,2025-11-17 16:31:11,ytower
H01-359,鹿港牛舌餅,null,https://www.ytower.com.tw/recipe/iframe-recipe.asp?seq=H01-359,null,食材,麥芽糖,45,公克,2006-01-01,2025-11-17 16:31:11,ytower
