recept_id,recipe_name,author,good,recipe_url,browsing_num,people,cooking_time,recept_type,ingredients,quantity,unit,recipe_upload_date,crawl_datetime
484231,醋溜高麗菜,椒鹽貓,,https://icook.tw/recipes/484231,52瀏覽,"3
人份","時間

10
分鐘",main ingredients,高麗菜,300g,,2025-11-14,2025-11-15 09:10:16.703083
484231,醋溜高麗菜,椒鹽貓,,https://icook.tw/recipes/484231,52瀏覽,"3
人份","時間

10
分鐘",main ingredients,紅蘿蔔,5片,,2025-11-14,2025-11-15 09:10:16.703083
484231,醋溜高麗菜,椒鹽貓,,https://icook.tw/recipes/484231,52瀏覽,"3
人份","時間

10
分鐘",main ingredients,小黃瓜,半根,,2025-11-14,2025-11-15 09:10:16.703083
484231,醋溜高麗菜,椒鹽貓,,https://icook.tw/recipes/484231,52瀏覽,"3
人份","時間

10
分鐘",main ingredients,糖,3g,,2025-11-14,2025-11-15 09:10:16.703083
484231,醋溜高麗菜,椒鹽貓,,https://icook.tw/recipes/484231,52瀏覽,"3
人份","時間

10
分鐘",main ingredients,鹽,10g,,2025-11-14,2025-11-15 09:10:16.703083
484231,醋溜高麗菜,椒鹽貓,,https://icook.tw/recipes/484231,52瀏覽,"3
人份","時間

10
分鐘",main ingredients,十全180天完熟米醋,15g,,2025-11-14,2025-11-15 09:10:16.703083
484231,醋溜高麗菜,椒鹽貓,,https://icook.tw/recipes/484231,52瀏覽,"3
人份","時間

10
分鐘",main ingredients,蒜頭,1顆,,2025-11-14,2025-11-15 09:10:16.703083
484231,醋溜高麗菜,椒鹽貓,,https://icook.tw/recipes/484231,52瀏覽,"3
人份","時間

10
分鐘",main ingredients,辣椒,1根,,2025-11-14,2025-11-15 09:10:16.703083
484232,醬燒魚豆腐,椒鹽貓,,https://icook.tw/recipes/484232,42瀏覽,"2
人份","時間

15
分鐘",main ingredients,鯖魚,一片,,2025-11-14,2025-11-15 09:10:17.214971
484232,醬燒魚豆腐,椒鹽貓,,https://icook.tw/recipes/484232,42瀏覽,"2
人份","時間

15
分鐘",main ingredients,嫩豆腐,半盒,,2025-11-14,2025-11-15 09:10:17.214971
484232,醬燒魚豆腐,椒鹽貓,,https://icook.tw/recipes/484232,42瀏覽,"2
人份","時間

15
分鐘",main ingredients,紅蘿蔔,4片,,2025-11-14,2025-11-15 09:10:17.214971
484232,醬燒魚豆腐,椒鹽貓,,https://icook.tw/recipes/484232,42瀏覽,"2
人份","時間

15
分鐘",main ingredients,小黃瓜,半根,,2025-11-14,2025-11-15 09:10:17.214971
484232,醬燒魚豆腐,椒鹽貓,,https://icook.tw/recipes/484232,42瀏覽,"2
人份","時間

15
分鐘",main ingredients,蒜頭,1顆,,2025-11-14,2025-11-15 09:10:17.214971
484232,醬燒魚豆腐,椒鹽貓,,https://icook.tw/recipes/484232,42瀏覽,"2
人份","時間

15
分鐘",main ingredients,醬油,15g,,2025-11-14,2025-11-15 09:10:17.214971
484232,醬燒魚豆腐,椒鹽貓,,https://icook.tw/recipes/484232,42瀏覽,"2
人份","時間

15
分鐘",main ingredients,蠔油,10g,,2025-11-14,2025-11-15 09:10:17.214971
484232,醬燒魚豆腐,椒鹽貓,,https://icook.tw/recipes/484232,42瀏覽,"2
人份","時間

15
分鐘",main ingredients,十全120天完熟烏醋,10g,,2025-11-14,2025-11-15 09:10:17.214971
484232,醬燒魚豆腐,椒鹽貓,,https://icook.tw/recipes/484232,42瀏覽,"2
人份","時間

15
分鐘",main ingredients,鹽,5g,,2025-11-14,2025-11-15 09:10:17.214971
484232,醬燒魚豆腐,椒鹽貓,,https://icook.tw/recipes/484232,42瀏覽,"2
人份","時間

15
分鐘",main ingredients,糖,5g,,2025-11-14,2025-11-15 09:10:17.214971
484203,米香四方-美國米蛋炒飯,阿文,,https://icook.tw/recipes/484203,54瀏覽,"3
人份","時間

15
分鐘",main ingredients,美國茉莉香米.,200g,,2025-11-14,2025-11-15 09:10:17.789061
484203,米香四方-美國米蛋炒飯,阿文,,https://icook.tw/recipes/484203,54瀏覽,"3
人份","時間

15
分鐘",main ingredients,水,200cc,,2025-11-14,2025-11-15 09:10:17.789061
484203,米香四方-美國米蛋炒飯,阿文,,https://icook.tw/recipes/484203,54瀏覽,"3
人份","時間

15
分鐘",main ingredients,雞蛋<打散>,3個,,2025-11-14,2025-11-15 09:10:17.789061
484203,米香四方-美國米蛋炒飯,阿文,,https://icook.tw/recipes/484203,54瀏覽,"3
人份","時間

15
分鐘",main ingredients,蔥<切碎>,2根,,2025-11-14,2025-11-15 09:10:17.789061
484203,米香四方-美國米蛋炒飯,阿文,,https://icook.tw/recipes/484203,54瀏覽,"3
人份","時間

15
分鐘",main ingredients,醬油膏,1.5大匙,,2025-11-14,2025-11-15 09:10:17.789061
484203,米香四方-美國米蛋炒飯,阿文,,https://icook.tw/recipes/484203,54瀏覽,"3
人份","時間

15
分鐘",main ingredients,胡椒鹽,適量,,2025-11-14,2025-11-15 09:10:17.789061
483888,精力美國米炊飯,Jennifer玩食趣,3,https://icook.tw/recipes/483888,143瀏覽,"2
人份","時間

45
分鐘",main ingredients,美國稻米,1杯,,2025-11-14,2025-11-15 09:10:18.255766
483888,精力美國米炊飯,Jennifer玩食趣,3,https://icook.tw/recipes/483888,143瀏覽,"2
人份","時間

45
分鐘",main ingredients,雞湯料理包,1包,,2025-11-14,2025-11-15 09:10:18.255766
484233,古早味醬菜-醬漬菜心,ching,2,https://icook.tw/recipes/484233,123瀏覽,"4
人份","時間

10
分鐘",main ingredients,花椰菜梗,3根,,2025-11-14,2025-11-15 09:10:18.672277
484233,古早味醬菜-醬漬菜心,ching,2,https://icook.tw/recipes/484233,123瀏覽,"4
人份","時間

10
分鐘",main ingredients,十全120天完熟烏醋,1匙,,2025-11-14,2025-11-15 09:10:18.672277
484233,古早味醬菜-醬漬菜心,ching,2,https://icook.tw/recipes/484233,123瀏覽,"4
人份","時間

10
分鐘",main ingredients,砂糖,1匙,,2025-11-14,2025-11-15 09:10:18.672277
484233,古早味醬菜-醬漬菜心,ching,2,https://icook.tw/recipes/484233,123瀏覽,"4
人份","時間

10
分鐘",main ingredients,醬油,1匙,,2025-11-14,2025-11-15 09:10:18.672277
484233,古早味醬菜-醬漬菜心,ching,2,https://icook.tw/recipes/484233,123瀏覽,"4
人份","時間

10
分鐘",main ingredients,麻油,1小匙,,2025-11-14,2025-11-15 09:10:18.672277
484233,古早味醬菜-醬漬菜心,ching,2,https://icook.tw/recipes/484233,123瀏覽,"4
人份","時間

10
分鐘",main ingredients,八角,1朵,,2025-11-14,2025-11-15 09:10:18.672277
484211,洛神花小巧貝果球,ying,3,https://icook.tw/recipes/484211,165瀏覽,,,main ingredients,高筋麵粉,160克,,2025-11-14,2025-11-15 09:10:19.133500
484211,洛神花小巧貝果球,ying,3,https://icook.tw/recipes/484211,165瀏覽,,,main ingredients,酵母粉,1/2茶匙,,2025-11-14,2025-11-15 09:10:19.133500
484211,洛神花小巧貝果球,ying,3,https://icook.tw/recipes/484211,165瀏覽,,,main ingredients,糖,5克,,2025-11-14,2025-11-15 09:10:19.133500
484211,洛神花小巧貝果球,ying,3,https://icook.tw/recipes/484211,165瀏覽,,,main ingredients,鹽,1/2茶匙,,2025-11-14,2025-11-15 09:10:19.133500
484211,洛神花小巧貝果球,ying,3,https://icook.tw/recipes/484211,165瀏覽,,,main ingredients,水,80克,,2025-11-14,2025-11-15 09:10:19.133500
484211,洛神花小巧貝果球,ying,3,https://icook.tw/recipes/484211,165瀏覽,,,main ingredients,洛神花蜜餞,30克,,2025-11-14,2025-11-15 09:10:19.133500
484211,洛神花小巧貝果球,ying,3,https://icook.tw/recipes/484211,165瀏覽,,,main ingredients,油,1茶匙,,2025-11-14,2025-11-15 09:10:19.133500
484211,洛神花小巧貝果球,ying,3,https://icook.tw/recipes/484211,165瀏覽,,,sauce,砂糖,30克,,2025-11-14,2025-11-15 09:10:19.133500
484211,洛神花小巧貝果球,ying,3,https://icook.tw/recipes/484211,165瀏覽,,,sauce,水,800毫升,,2025-11-14,2025-11-15 09:10:19.133500
484235,柚香和風乾咖哩★新手也能成功的日式乾咖哩,梁小蝶,,https://icook.tw/recipes/484235,62瀏覽,,,main ingredients,豬後腿瘦絞肉,350g,,2025-11-14,2025-11-15 09:10:19.439154
484235,柚香和風乾咖哩★新手也能成功的日式乾咖哩,梁小蝶,,https://icook.tw/recipes/484235,62瀏覽,,,main ingredients,水,100cc,,2025-11-14,2025-11-15 09:10:19.439154
484235,柚香和風乾咖哩★新手也能成功的日式乾咖哩,梁小蝶,,https://icook.tw/recipes/484235,62瀏覽,,,main ingredients,柚肉和風醬,3大匙,,2025-11-14,2025-11-15 09:10:19.439154
484235,柚香和風乾咖哩★新手也能成功的日式乾咖哩,梁小蝶,,https://icook.tw/recipes/484235,62瀏覽,,,main ingredients,咖哩醬,2大匙,,2025-11-14,2025-11-15 09:10:19.439154
484235,柚香和風乾咖哩★新手也能成功的日式乾咖哩,梁小蝶,,https://icook.tw/recipes/484235,62瀏覽,,,main ingredients,黑胡椒粒,1/4小匙,,2025-11-14,2025-11-15 09:10:19.439154
484179,蒜香芋頭豬肋湯/鑄鐵鍋,Helen（海倫小姐）,,https://icook.tw/recipes/484179,101瀏覽,"4
人份","時間

30
分鐘",main ingredients,豬肋排,365克,,2025-11-14,2025-11-15 09:10:19.785206
484179,蒜香芋頭豬肋湯/鑄鐵鍋,Helen（海倫小姐）,,https://icook.tw/recipes/484179,101瀏覽,"4
人份","時間

30
分鐘",main ingredients,芋頭,340克,,2025-11-14,2025-11-15 09:10:19.785206
484179,蒜香芋頭豬肋湯/鑄鐵鍋,Helen（海倫小姐）,,https://icook.tw/recipes/484179,101瀏覽,"4
人份","時間

30
分鐘",main ingredients,蒜,50克,,2025-11-14,2025-11-15 09:10:19.785206
484179,蒜香芋頭豬肋湯/鑄鐵鍋,Helen（海倫小姐）,,https://icook.tw/recipes/484179,101瀏覽,"4
人份","時間

30
分鐘",main ingredients,鹽,1.5小匙,,2025-11-14,2025-11-15 09:10:19.785206
484218,《番茄肉醬烏醋拌麵》,Joanna 雅琪,1,https://icook.tw/recipes/484218,98瀏覽,"4
人份","時間

30
分鐘",main ingredients,豬絞肉細,1盒,,2025-11-14,2025-11-15 09:10:20.177384
484218,《番茄肉醬烏醋拌麵》,Joanna 雅琪,1,https://icook.tw/recipes/484218,98瀏覽,"4
人份","時間

30
分鐘",main ingredients,番茄,2顆,,2025-11-14,2025-11-15 09:10:20.177384
484218,《番茄肉醬烏醋拌麵》,Joanna 雅琪,1,https://icook.tw/recipes/484218,98瀏覽,"4
人份","時間

30
分鐘",main ingredients,紅蔥頭,10瓣,,2025-11-14,2025-11-15 09:10:20.177384
484218,《番茄肉醬烏醋拌麵》,Joanna 雅琪,1,https://icook.tw/recipes/484218,98瀏覽,"4
人份","時間

30
分鐘",main ingredients,香菜,1小把,,2025-11-14,2025-11-15 09:10:20.177384
484218,《番茄肉醬烏醋拌麵》,Joanna 雅琪,1,https://icook.tw/recipes/484218,98瀏覽,"4
人份","時間

30
分鐘",main ingredients,十全120天完熟烏醋,3大匙,,2025-11-14,2025-11-15 09:10:20.177384
484218,《番茄肉醬烏醋拌麵》,Joanna 雅琪,1,https://icook.tw/recipes/484218,98瀏覽,"4
人份","時間

30
分鐘",main ingredients,醬油,2大匙,,2025-11-14,2025-11-15 09:10:20.177384
484218,《番茄肉醬烏醋拌麵》,Joanna 雅琪,1,https://icook.tw/recipes/484218,98瀏覽,"4
人份","時間

30
分鐘",main ingredients,鹽,1大匙,,2025-11-14,2025-11-15 09:10:20.177384
484200,豆皮小黃瓜/家常菜,Amy's Kitchen,2,https://icook.tw/recipes/484200,79瀏覽,,"時間

10
分鐘",main ingredients,生豆包,5片,,2025-11-14,2025-11-15 09:10:20.445546
484200,豆皮小黃瓜/家常菜,Amy's Kitchen,2,https://icook.tw/recipes/484200,79瀏覽,,"時間

10
分鐘",main ingredients,小黃瓜,條,,2025-11-14,2025-11-15 09:10:20.445546
484200,豆皮小黃瓜/家常菜,Amy's Kitchen,2,https://icook.tw/recipes/484200,79瀏覽,,"時間

10
分鐘",main ingredients,蒜瓣,3瓣,,2025-11-14,2025-11-15 09:10:20.445546
484200,豆皮小黃瓜/家常菜,Amy's Kitchen,2,https://icook.tw/recipes/484200,79瀏覽,,"時間

10
分鐘",main ingredients,食用油,1/2大匙,,2025-11-14,2025-11-15 09:10:20.445546
484200,豆皮小黃瓜/家常菜,Amy's Kitchen,2,https://icook.tw/recipes/484200,79瀏覽,,"時間

10
分鐘",sauce,鹽,1/4小匙,,2025-11-14,2025-11-15 09:10:20.445546
484200,豆皮小黃瓜/家常菜,Amy's Kitchen,2,https://icook.tw/recipes/484200,79瀏覽,,"時間

10
分鐘",sauce,白胡椒粉,1/5小匙,,2025-11-14,2025-11-15 09:10:20.445546
484200,豆皮小黃瓜/家常菜,Amy's Kitchen,2,https://icook.tw/recipes/484200,79瀏覽,,"時間

10
分鐘",sauce,黑胡椒粒,1/4小匙,,2025-11-14,2025-11-15 09:10:20.445546
483830,辣燉泡菜豬肋排,DaDa ❁ 休日台所,,https://icook.tw/recipes/483830,67瀏覽,"5
人份","時間

90
分鐘",main ingredients,豬肋排,1條,,2025-11-14,2025-11-15 09:10:20.689026
483830,辣燉泡菜豬肋排,DaDa ❁ 休日台所,,https://icook.tw/recipes/483830,67瀏覽,"5
人份","時間

90
分鐘",main ingredients,泡菜,300克,,2025-11-14,2025-11-15 09:10:20.689026
483830,辣燉泡菜豬肋排,DaDa ❁ 休日台所,,https://icook.tw/recipes/483830,67瀏覽,"5
人份","時間

90
分鐘",main ingredients,馬鈴薯,1顆,,2025-11-14,2025-11-15 09:10:20.689026
483830,辣燉泡菜豬肋排,DaDa ❁ 休日台所,,https://icook.tw/recipes/483830,67瀏覽,"5
人份","時間

90
分鐘",main ingredients,蒜頭,8瓣,,2025-11-14,2025-11-15 09:10:20.689026
483830,辣燉泡菜豬肋排,DaDa ❁ 休日台所,,https://icook.tw/recipes/483830,67瀏覽,"5
人份","時間

90
分鐘",main ingredients,洋蔥,1顆,,2025-11-14,2025-11-15 09:10:20.689026
483830,辣燉泡菜豬肋排,DaDa ❁ 休日台所,,https://icook.tw/recipes/483830,67瀏覽,"5
人份","時間

90
分鐘",main ingredients,昆布（可省略）,2片,,2025-11-14,2025-11-15 09:10:20.689026
483830,辣燉泡菜豬肋排,DaDa ❁ 休日台所,,https://icook.tw/recipes/483830,67瀏覽,"5
人份","時間

90
分鐘",main ingredients,水,500毫升,,2025-11-14,2025-11-15 09:10:20.689026
483830,辣燉泡菜豬肋排,DaDa ❁ 休日台所,,https://icook.tw/recipes/483830,67瀏覽,"5
人份","時間

90
分鐘",sauce,韓式辣椒醬,2大匙,,2025-11-14,2025-11-15 09:10:20.689026
483830,辣燉泡菜豬肋排,DaDa ❁ 休日台所,,https://icook.tw/recipes/483830,67瀏覽,"5
人份","時間

90
分鐘",sauce,醬油,3大匙,,2025-11-14,2025-11-15 09:10:20.689026
483830,辣燉泡菜豬肋排,DaDa ❁ 休日台所,,https://icook.tw/recipes/483830,67瀏覽,"5
人份","時間

90
分鐘",sauce,糖,2大匙,,2025-11-14,2025-11-15 09:10:20.689026
483830,辣燉泡菜豬肋排,DaDa ❁ 休日台所,,https://icook.tw/recipes/483830,67瀏覽,"5
人份","時間

90
分鐘",sauce,韓式辣椒粉（粗）,0.5大匙,,2025-11-14,2025-11-15 09:10:20.689026
484238,蒜頭雞（小灰鍋）,孟孟是懶人的懶人料理,1,https://icook.tw/recipes/484238,68瀏覽,,,main ingredients,雞腿,1～2支,,2025-11-14,2025-11-15 09:10:21.060872
484238,蒜頭雞（小灰鍋）,孟孟是懶人的懶人料理,1,https://icook.tw/recipes/484238,68瀏覽,,,main ingredients,蒜頭,20瓣,,2025-11-14,2025-11-15 09:10:21.060872
484238,蒜頭雞（小灰鍋）,孟孟是懶人的懶人料理,1,https://icook.tw/recipes/484238,68瀏覽,,,main ingredients,鹽巴,3小匙,,2025-11-14,2025-11-15 09:10:21.060872
484238,蒜頭雞（小灰鍋）,孟孟是懶人的懶人料理,1,https://icook.tw/recipes/484238,68瀏覽,,,main ingredients,胡椒粉,少許,,2025-11-14,2025-11-15 09:10:21.060872
483858,肉鬆丹麥吐司,廚房女漢子Rita's,7,https://icook.tw/recipes/483858,129瀏覽,"4
人份","時間

180
分鐘",main ingredients,450克吐司模,1個,,2025-11-14,2025-11-15 09:10:21.436702
483858,肉鬆丹麥吐司,廚房女漢子Rita's,7,https://icook.tw/recipes/483858,129瀏覽,"4
人份","時間

180
分鐘",sauce,牛奶,180克,,2025-11-14,2025-11-15 09:10:21.436702
483858,肉鬆丹麥吐司,廚房女漢子Rita's,7,https://icook.tw/recipes/483858,129瀏覽,"4
人份","時間

180
分鐘",sauce,全蛋,60克,,2025-11-14,2025-11-15 09:10:21.436702
483858,肉鬆丹麥吐司,廚房女漢子Rita's,7,https://icook.tw/recipes/483858,129瀏覽,"4
人份","時間

180
分鐘",sauce,棕櫚糖或二砂,20克,,2025-11-14,2025-11-15 09:10:21.436702
483858,肉鬆丹麥吐司,廚房女漢子Rita's,7,https://icook.tw/recipes/483858,129瀏覽,"4
人份","時間

180
分鐘",sauce,高筋麵粉,385克,,2025-11-14,2025-11-15 09:10:21.436702
483858,肉鬆丹麥吐司,廚房女漢子Rita's,7,https://icook.tw/recipes/483858,129瀏覽,"4
人份","時間

180
分鐘",sauce,鹽,3克,,2025-11-14,2025-11-15 09:10:21.436702
483858,肉鬆丹麥吐司,廚房女漢子Rita's,7,https://icook.tw/recipes/483858,129瀏覽,"4
人份","時間

180
分鐘",sauce,即發酵母粉,3克,,2025-11-14,2025-11-15 09:10:21.436702
483858,肉鬆丹麥吐司,廚房女漢子Rita's,7,https://icook.tw/recipes/483858,129瀏覽,"4
人份","時間

180
分鐘",sauce,無鹽奶油,35克,,2025-11-14,2025-11-15 09:10:21.436702
484237,麻油雞飯,花之玩的美味生活,2,https://icook.tw/recipes/484237,96瀏覽,,,main ingredients,去骨雞腿肉,1片,,2025-11-14,2025-11-15 09:10:21.645370
484237,麻油雞飯,花之玩的美味生活,2,https://icook.tw/recipes/484237,96瀏覽,,,main ingredients,米酒,1杯,,2025-11-14,2025-11-15 09:10:21.645370
484237,麻油雞飯,花之玩的美味生活,2,https://icook.tw/recipes/484237,96瀏覽,,,main ingredients,枸杞,1小把,,2025-11-14,2025-11-15 09:10:21.645370
484237,麻油雞飯,花之玩的美味生活,2,https://icook.tw/recipes/484237,96瀏覽,,,main ingredients,薑片,6片,,2025-11-14,2025-11-15 09:10:21.645370
484237,麻油雞飯,花之玩的美味生活,2,https://icook.tw/recipes/484237,96瀏覽,,,main ingredients,麻油,1大匙,,2025-11-14,2025-11-15 09:10:21.645370
484237,麻油雞飯,花之玩的美味生活,2,https://icook.tw/recipes/484237,96瀏覽,,,main ingredients,醬油,2大匙,,2025-11-14,2025-11-15 09:10:21.645370
484214,新手筆記-膠原白木耳牛肉粥,茉茉,,https://icook.tw/recipes/484214,79瀏覽,,,main ingredients,米,1,,2025-11-14,2025-11-15 09:10:22.802579
484214,新手筆記-膠原白木耳牛肉粥,茉茉,,https://icook.tw/recipes/484214,79瀏覽,,,main ingredients,牛肉,1,,2025-11-14,2025-11-15 09:10:22.802579
484214,新手筆記-膠原白木耳牛肉粥,茉茉,,https://icook.tw/recipes/484214,79瀏覽,,,main ingredients,洋蔥蘿蔔蔥,1,,2025-11-14,2025-11-15 09:10:22.802579
484208,黑醋拌雞絲,詹大白,1,https://icook.tw/recipes/484208,90瀏覽,"2
人份",,main ingredients,雞胸肉 / 小黃瓜/蔥(蔥花),1條,,2025-11-14,2025-11-15 09:10:23.352683
484208,黑醋拌雞絲,詹大白,1,https://icook.tw/recipes/484208,90瀏覽,"2
人份",,main ingredients,紅蘿蔔絲,少許,,2025-11-14,2025-11-15 09:10:23.352683
484212,新手筆記-黑色顧筋骨茶,茉茉,,https://icook.tw/recipes/484212,76瀏覽,,,main ingredients,黑豆,1,,2025-11-14,2025-11-15 09:10:23.635996
484212,新手筆記-黑色顧筋骨茶,茉茉,,https://icook.tw/recipes/484212,76瀏覽,,,main ingredients,杜仲,1,,2025-11-14,2025-11-15 09:10:23.635996
484215,辦公室懶人料理之低卡鹹豆漿,梅姬廚房,,https://icook.tw/recipes/484215,89瀏覽,"1
人份","時間

5
分鐘",main ingredients,沖泡即食味噌湯包,1人份,,2025-11-14,2025-11-15 09:10:23.914095
484215,辦公室懶人料理之低卡鹹豆漿,梅姬廚房,,https://icook.tw/recipes/484215,89瀏覽,"1
人份","時間

5
分鐘",main ingredients,無糖豆漿,300-500cc,,2025-11-14,2025-11-15 09:10:23.914095
484215,辦公室懶人料理之低卡鹹豆漿,梅姬廚房,,https://icook.tw/recipes/484215,89瀏覽,"1
人份","時間

5
分鐘",main ingredients,小魚辣椒（辣椒油）,適量,,2025-11-14,2025-11-15 09:10:23.914095
484215,辦公室懶人料理之低卡鹹豆漿,梅姬廚房,,https://icook.tw/recipes/484215,89瀏覽,"1
人份","時間

5
分鐘",main ingredients,十全180天完熟米醋,適量,,2025-11-14,2025-11-15 09:10:23.914095
483817,涼拌乾絲,燕子的料理時光,1,https://icook.tw/recipes/483817,113瀏覽,"4
人份","時間

30
分鐘",main ingredients,豆干絲,400公克,,2025-11-14,2025-11-15 09:10:24.261923
483817,涼拌乾絲,燕子的料理時光,1,https://icook.tw/recipes/483817,113瀏覽,"4
人份","時間

30
分鐘",main ingredients,芹菜,60公克,,2025-11-14,2025-11-15 09:10:24.261923
483817,涼拌乾絲,燕子的料理時光,1,https://icook.tw/recipes/483817,113瀏覽,"4
人份","時間

30
分鐘",main ingredients,紅蘿蔔,50公克,,2025-11-14,2025-11-15 09:10:24.261923
483817,涼拌乾絲,燕子的料理時光,1,https://icook.tw/recipes/483817,113瀏覽,"4
人份","時間

30
分鐘",sauce,蒜頭,25公克,,2025-11-14,2025-11-15 09:10:24.261923
483817,涼拌乾絲,燕子的料理時光,1,https://icook.tw/recipes/483817,113瀏覽,"4
人份","時間

30
分鐘",sauce,大辣椒,1條,,2025-11-14,2025-11-15 09:10:24.261923
483817,涼拌乾絲,燕子的料理時光,1,https://icook.tw/recipes/483817,113瀏覽,"4
人份","時間

30
分鐘",sauce,白胡椒粉,1/3小匙,,2025-11-14,2025-11-15 09:10:24.261923
483817,涼拌乾絲,燕子的料理時光,1,https://icook.tw/recipes/483817,113瀏覽,"4
人份","時間

30
分鐘",sauce,醬油膏,4大匙,,2025-11-14,2025-11-15 09:10:24.261923
483817,涼拌乾絲,燕子的料理時光,1,https://icook.tw/recipes/483817,113瀏覽,"4
人份","時間

30
分鐘",sauce,香油,4大匙,,2025-11-14,2025-11-15 09:10:24.261923
483817,涼拌乾絲,燕子的料理時光,1,https://icook.tw/recipes/483817,113瀏覽,"4
人份","時間

30
分鐘",sauce,鹽,1.5小匙,,2025-11-14,2025-11-15 09:10:24.261923
484156,膠原蛋白滷豬皮,玫,1,https://icook.tw/recipes/484156,82瀏覽,"5
人份","時間

180
分鐘",main ingredients,豬皮,3捲,,2025-11-14,2025-11-15 09:10:24.615742
484156,膠原蛋白滷豬皮,玫,1,https://icook.tw/recipes/484156,82瀏覽,"5
人份","時間

180
分鐘",main ingredients,老薑,1塊,,2025-11-14,2025-11-15 09:10:24.615742
484156,膠原蛋白滷豬皮,玫,1,https://icook.tw/recipes/484156,82瀏覽,"5
人份","時間

180
分鐘",main ingredients,蔥,2根,,2025-11-14,2025-11-15 09:10:24.615742
484156,膠原蛋白滷豬皮,玫,1,https://icook.tw/recipes/484156,82瀏覽,"5
人份","時間

180
分鐘",main ingredients,蒜,2瓣,,2025-11-14,2025-11-15 09:10:24.615742
484156,膠原蛋白滷豬皮,玫,1,https://icook.tw/recipes/484156,82瀏覽,"5
人份","時間

180
分鐘",main ingredients,蠔油,3大匙,,2025-11-14,2025-11-15 09:10:24.615742
484156,膠原蛋白滷豬皮,玫,1,https://icook.tw/recipes/484156,82瀏覽,"5
人份","時間

180
分鐘",main ingredients,米酒,2大匙,,2025-11-14,2025-11-15 09:10:24.615742
484156,膠原蛋白滷豬皮,玫,1,https://icook.tw/recipes/484156,82瀏覽,"5
人份","時間

180
分鐘",main ingredients,冰糖,1大匙,,2025-11-14,2025-11-15 09:10:24.615742
484156,膠原蛋白滷豬皮,玫,1,https://icook.tw/recipes/484156,82瀏覽,"5
人份","時間

180
分鐘",main ingredients,水,600cc,,2025-11-14,2025-11-15 09:10:24.615742
484156,膠原蛋白滷豬皮,玫,1,https://icook.tw/recipes/484156,82瀏覽,"5
人份","時間

180
分鐘",main ingredients,滷包,1,,2025-11-14,2025-11-15 09:10:24.615742
484220,煉乳焦糖布丁,玫,2,https://icook.tw/recipes/484220,82瀏覽,,,main ingredients,砂糖,70克,,2025-11-14,2025-11-15 09:10:24.896973
484220,煉乳焦糖布丁,玫,2,https://icook.tw/recipes/484220,82瀏覽,,,main ingredients,水,30,,2025-11-14,2025-11-15 09:10:24.896973
484220,煉乳焦糖布丁,玫,2,https://icook.tw/recipes/484220,82瀏覽,,,main ingredients,煉乳,120毫升,,2025-11-14,2025-11-15 09:10:24.896973
484220,煉乳焦糖布丁,玫,2,https://icook.tw/recipes/484220,82瀏覽,,,main ingredients,蛋黃,1顆,,2025-11-14,2025-11-15 09:10:24.896973
484220,煉乳焦糖布丁,玫,2,https://icook.tw/recipes/484220,82瀏覽,,,main ingredients,雞蛋,1顆,,2025-11-14,2025-11-15 09:10:24.896973
484223,和風美乃滋炒菇,東京鳥窩廚房,3,https://icook.tw/recipes/484223,57瀏覽,,,main ingredients,雪白菇,1包,,2025-11-14,2025-11-15 09:10:25.033855
484223,和風美乃滋炒菇,東京鳥窩廚房,3,https://icook.tw/recipes/484223,57瀏覽,,,main ingredients,香菇,200克,,2025-11-14,2025-11-15 09:10:25.033855
484223,和風美乃滋炒菇,東京鳥窩廚房,3,https://icook.tw/recipes/484223,57瀏覽,,,main ingredients,辣椒,1條,,2025-11-14,2025-11-15 09:10:25.033855
484223,和風美乃滋炒菇,東京鳥窩廚房,3,https://icook.tw/recipes/484223,57瀏覽,,,main ingredients,蒜末,2大匙,,2025-11-14,2025-11-15 09:10:25.033855
484223,和風美乃滋炒菇,東京鳥窩廚房,3,https://icook.tw/recipes/484223,57瀏覽,,,main ingredients,美乃滋,約50克,,2025-11-14,2025-11-15 09:10:25.033855
484223,和風美乃滋炒菇,東京鳥窩廚房,3,https://icook.tw/recipes/484223,57瀏覽,,,main ingredients,醬油,1/2大匙,,2025-11-14,2025-11-15 09:10:25.033855
484223,和風美乃滋炒菇,東京鳥窩廚房,3,https://icook.tw/recipes/484223,57瀏覽,,,main ingredients,粗粒黑胡椒,少許,,2025-11-14,2025-11-15 09:10:25.033855
484221,好鄰居最強麻油雞麵線,Han Chen Dan,1,https://icook.tw/recipes/484221,184瀏覽,,,main ingredients,老薑,適量,,2025-11-14,2025-11-15 09:10:25.467211
484221,好鄰居最強麻油雞麵線,Han Chen Dan,1,https://icook.tw/recipes/484221,184瀏覽,,,main ingredients,麻油(記得用100%全芝麻油),適量,,2025-11-14,2025-11-15 09:10:25.467211
484221,好鄰居最強麻油雞麵線,Han Chen Dan,1,https://icook.tw/recipes/484221,184瀏覽,,,main ingredients,無骨雞肉,適量,,2025-11-14,2025-11-15 09:10:25.467211
484221,好鄰居最強麻油雞麵線,Han Chen Dan,1,https://icook.tw/recipes/484221,184瀏覽,,,main ingredients,米酒(全米酒煮滾的雞肉比較嫩),適量,,2025-11-14,2025-11-15 09:10:25.467211
484221,好鄰居最強麻油雞麵線,Han Chen Dan,1,https://icook.tw/recipes/484221,184瀏覽,,,main ingredients,高麗菜,適量,,2025-11-14,2025-11-15 09:10:25.467211
484221,好鄰居最強麻油雞麵線,Han Chen Dan,1,https://icook.tw/recipes/484221,184瀏覽,,,main ingredients,金針菇,適量,,2025-11-14,2025-11-15 09:10:25.467211
484221,好鄰居最強麻油雞麵線,Han Chen Dan,1,https://icook.tw/recipes/484221,184瀏覽,,,main ingredients,麵線,適量,,2025-11-14,2025-11-15 09:10:25.467211
484221,好鄰居最強麻油雞麵線,Han Chen Dan,1,https://icook.tw/recipes/484221,184瀏覽,,,main ingredients,鹽,適量,,2025-11-14,2025-11-15 09:10:25.467211
484221,好鄰居最強麻油雞麵線,Han Chen Dan,1,https://icook.tw/recipes/484221,184瀏覽,,,main ingredients,青蔥,適量,,2025-11-14,2025-11-15 09:10:25.467211
484221,好鄰居最強麻油雞麵線,Han Chen Dan,1,https://icook.tw/recipes/484221,184瀏覽,,,main ingredients,乾油蔥酥,適量,,2025-11-14,2025-11-15 09:10:25.467211
484221,好鄰居最強麻油雞麵線,Han Chen Dan,1,https://icook.tw/recipes/484221,184瀏覽,,,main ingredients,蒜末,適量,,2025-11-14,2025-11-15 09:10:25.467211
483485,番茄燒肉卷,Mabel,1,https://icook.tw/recipes/483485,72瀏覽,"2
人份","時間

15
分鐘",main ingredients,梅花肉片,200克,,2025-11-14,2025-11-15 09:10:25.838900
483485,番茄燒肉卷,Mabel,1,https://icook.tw/recipes/483485,72瀏覽,"2
人份","時間

15
分鐘",main ingredients,小蕃茄,10顆,,2025-11-14,2025-11-15 09:10:25.838900
483485,番茄燒肉卷,Mabel,1,https://icook.tw/recipes/483485,72瀏覽,"2
人份","時間

15
分鐘",main ingredients,燒肉醬,2大匙,,2025-11-14,2025-11-15 09:10:25.838900
483485,番茄燒肉卷,Mabel,1,https://icook.tw/recipes/483485,72瀏覽,"2
人份","時間

15
分鐘",main ingredients,鹽,1小匙,,2025-11-14,2025-11-15 09:10:25.838900
484210,新手筆記-清燉牛肉,茉茉,1,https://icook.tw/recipes/484210,91瀏覽,,,main ingredients,牛肉,1,,2025-11-14,2025-11-15 09:10:26.259158
484210,新手筆記-清燉牛肉,茉茉,1,https://icook.tw/recipes/484210,91瀏覽,,,main ingredients,紅蘿蔔白蘿蔔,1,,2025-11-14,2025-11-15 09:10:26.259158
484197,香菜蛋餅  香菜粉漿蛋餅,isa小眼睛,,https://icook.tw/recipes/484197,83瀏覽,,,main ingredients,雞蛋,2顆,,2025-11-14,2025-11-15 09:10:26.633377
484197,香菜蛋餅  香菜粉漿蛋餅,isa小眼睛,,https://icook.tw/recipes/484197,83瀏覽,,,main ingredients,香菜,18克,,2025-11-14,2025-11-15 09:10:26.633377
484197,香菜蛋餅  香菜粉漿蛋餅,isa小眼睛,,https://icook.tw/recipes/484197,83瀏覽,,,main ingredients,中筋麵粉,3匙,,2025-11-14,2025-11-15 09:10:26.633377
484197,香菜蛋餅  香菜粉漿蛋餅,isa小眼睛,,https://icook.tw/recipes/484197,83瀏覽,,,main ingredients,太白粉,2匙,,2025-11-14,2025-11-15 09:10:26.633377
484197,香菜蛋餅  香菜粉漿蛋餅,isa小眼睛,,https://icook.tw/recipes/484197,83瀏覽,,,main ingredients,水,適量,,2025-11-14,2025-11-15 09:10:26.633377
484197,香菜蛋餅  香菜粉漿蛋餅,isa小眼睛,,https://icook.tw/recipes/484197,83瀏覽,,,main ingredients,油,適量,,2025-11-14,2025-11-15 09:10:26.633377
484197,香菜蛋餅  香菜粉漿蛋餅,isa小眼睛,,https://icook.tw/recipes/484197,83瀏覽,,,main ingredients,醬油膏,適量,,2025-11-14,2025-11-15 09:10:26.633377
484197,香菜蛋餅  香菜粉漿蛋餅,isa小眼睛,,https://icook.tw/recipes/484197,83瀏覽,,,main ingredients,鹽,一點點,,2025-11-14,2025-11-15 09:10:26.633377
484202,櫛瓜韮菜雞蛋煎餅/蛋奶素/5分鐘/早餐,Helen（海倫小姐）,,https://icook.tw/recipes/484202,119瀏覽,"1
人份","時間

5
分鐘",main ingredients,韮菜,40克,,2025-11-14,2025-11-15 09:10:26.890678
484202,櫛瓜韮菜雞蛋煎餅/蛋奶素/5分鐘/早餐,Helen（海倫小姐）,,https://icook.tw/recipes/484202,119瀏覽,"1
人份","時間

5
分鐘",main ingredients,櫛瓜,100克,,2025-11-14,2025-11-15 09:10:26.890678
484202,櫛瓜韮菜雞蛋煎餅/蛋奶素/5分鐘/早餐,Helen（海倫小姐）,,https://icook.tw/recipes/484202,119瀏覽,"1
人份","時間

5
分鐘",main ingredients,麵粉,30克,,2025-11-14,2025-11-15 09:10:26.890678
484202,櫛瓜韮菜雞蛋煎餅/蛋奶素/5分鐘/早餐,Helen（海倫小姐）,,https://icook.tw/recipes/484202,119瀏覽,"1
人份","時間

5
分鐘",main ingredients,蛋,1顆,,2025-11-14,2025-11-15 09:10:26.890678
484202,櫛瓜韮菜雞蛋煎餅/蛋奶素/5分鐘/早餐,Helen（海倫小姐）,,https://icook.tw/recipes/484202,119瀏覽,"1
人份","時間

5
分鐘",main ingredients,鹽,1小匙,,2025-11-14,2025-11-15 09:10:26.890678
484202,櫛瓜韮菜雞蛋煎餅/蛋奶素/5分鐘/早餐,Helen（海倫小姐）,,https://icook.tw/recipes/484202,119瀏覽,"1
人份","時間

5
分鐘",main ingredients,油,0.5/.5,,2025-11-14,2025-11-15 09:10:26.890678
484005,醋漬話梅彩椒(十全180天完熟米醋),Feng  Lin,1,https://icook.tw/recipes/484005,79瀏覽,"3
人份","時間

10
分鐘",main ingredients,紅甜椒(中),1顆,,2025-11-14,2025-11-15 09:10:27.335222
484005,醋漬話梅彩椒(十全180天完熟米醋),Feng  Lin,1,https://icook.tw/recipes/484005,79瀏覽,"3
人份","時間

10
分鐘",main ingredients,黃甜椒(中),1顆,,2025-11-14,2025-11-15 09:10:27.335222
484005,醋漬話梅彩椒(十全180天完熟米醋),Feng  Lin,1,https://icook.tw/recipes/484005,79瀏覽,"3
人份","時間

10
分鐘",main ingredients,金桔(可略),2顆,,2025-11-14,2025-11-15 09:10:27.335222
484005,醋漬話梅彩椒(十全180天完熟米醋),Feng  Lin,1,https://icook.tw/recipes/484005,79瀏覽,"3
人份","時間

10
分鐘",sauce,十全180天完熟米醋,1大匙,,2025-11-14,2025-11-15 09:10:27.335222
484005,醋漬話梅彩椒(十全180天完熟米醋),Feng  Lin,1,https://icook.tw/recipes/484005,79瀏覽,"3
人份","時間

10
分鐘",sauce,冰糖,1大匙,,2025-11-14,2025-11-15 09:10:27.335222
484005,醋漬話梅彩椒(十全180天完熟米醋),Feng  Lin,1,https://icook.tw/recipes/484005,79瀏覽,"3
人份","時間

10
分鐘",sauce,話梅（紹興梅）,5顆,,2025-11-14,2025-11-15 09:10:27.335222
484005,醋漬話梅彩椒(十全180天完熟米醋),Feng  Lin,1,https://icook.tw/recipes/484005,79瀏覽,"3
人份","時間

10
分鐘",sauce,熱開水,150cc,,2025-11-14,2025-11-15 09:10:27.335222
481978,蕃茄全麥豆腐麵疙瘩,KOKO好食光,2,https://icook.tw/recipes/481978,94瀏覽,"2
人份","時間

30
分鐘",sauce,嫩豆腐,200克,,2025-11-14,2025-11-15 09:10:27.601289
481978,蕃茄全麥豆腐麵疙瘩,KOKO好食光,2,https://icook.tw/recipes/481978,94瀏覽,"2
人份","時間

30
分鐘",sauce,全麥麵粉,150克,,2025-11-14,2025-11-15 09:10:27.601289
481978,蕃茄全麥豆腐麵疙瘩,KOKO好食光,2,https://icook.tw/recipes/481978,94瀏覽,"2
人份","時間

30
分鐘",sauce,鹽,1小撮,,2025-11-14,2025-11-15 09:10:27.601289
481978,蕃茄全麥豆腐麵疙瘩,KOKO好食光,2,https://icook.tw/recipes/481978,94瀏覽,"2
人份","時間

30
分鐘",sauce,起司粉,3大匙,,2025-11-14,2025-11-15 09:10:27.601289
448012,愛吃茶碗蒸,viola料理師,2,https://icook.tw/recipes/448012,118瀏覽,"3
人份","時間

20
分鐘",main ingredients,蛋,3顆,,2025-11-14,2025-11-15 09:10:27.987517
448012,愛吃茶碗蒸,viola料理師,2,https://icook.tw/recipes/448012,118瀏覽,"3
人份","時間

20
分鐘",main ingredients,水,180ml,,2025-11-14,2025-11-15 09:10:27.987517
448012,愛吃茶碗蒸,viola料理師,2,https://icook.tw/recipes/448012,118瀏覽,"3
人份","時間

20
分鐘",main ingredients,玉米,三大匙,,2025-11-14,2025-11-15 09:10:27.987517
448012,愛吃茶碗蒸,viola料理師,2,https://icook.tw/recipes/448012,118瀏覽,"3
人份","時間

20
分鐘",main ingredients,毛豆仁,三大匙,,2025-11-14,2025-11-15 09:10:27.987517
448012,愛吃茶碗蒸,viola料理師,2,https://icook.tw/recipes/448012,118瀏覽,"3
人份","時間

20
分鐘",main ingredients,魚板,三薄片,,2025-11-14,2025-11-15 09:10:27.987517
448012,愛吃茶碗蒸,viola料理師,2,https://icook.tw/recipes/448012,118瀏覽,"3
人份","時間

20
分鐘",main ingredients,菇（切薄片）,兩朵,,2025-11-14,2025-11-15 09:10:27.987517
448012,愛吃茶碗蒸,viola料理師,2,https://icook.tw/recipes/448012,118瀏覽,"3
人份","時間

20
分鐘",sauce,味霖,15ml,,2025-11-14,2025-11-15 09:10:27.987517
448012,愛吃茶碗蒸,viola料理師,2,https://icook.tw/recipes/448012,118瀏覽,"3
人份","時間

20
分鐘",sauce,醬油,5ml,,2025-11-14,2025-11-15 09:10:27.987517
484192,黑醋肉燥,會下廚的新北吳彥祖,1,https://icook.tw/recipes/484192,348瀏覽,"6
人份","時間

10
分鐘",sauce,豬絞肉,350克,,2025-11-14,2025-11-15 09:10:30.116527
484190,美國米燒肉飯捲,Jennifer玩食趣,4,https://icook.tw/recipes/484190,200瀏覽,"1
人份","時間

10
分鐘",main ingredients,美國稻米,2/5杯,,2025-11-14,2025-11-15 09:10:30.440096
484190,美國米燒肉飯捲,Jennifer玩食趣,4,https://icook.tw/recipes/484190,200瀏覽,"1
人份","時間

10
分鐘",main ingredients,里肌肉片,5片,,2025-11-14,2025-11-15 09:10:30.440096
484190,美國米燒肉飯捲,Jennifer玩食趣,4,https://icook.tw/recipes/484190,200瀏覽,"1
人份","時間

10
分鐘",main ingredients,醬油,適量,,2025-11-14,2025-11-15 09:10:30.440096
484190,美國米燒肉飯捲,Jennifer玩食趣,4,https://icook.tw/recipes/484190,200瀏覽,"1
人份","時間

10
分鐘",main ingredients,水,適量,,2025-11-14,2025-11-15 09:10:30.440096
484190,美國米燒肉飯捲,Jennifer玩食趣,4,https://icook.tw/recipes/484190,200瀏覽,"1
人份","時間

10
分鐘",main ingredients,芝麻,適量,,2025-11-14,2025-11-15 09:10:30.440096
484193,香蒜奶油洋蔥煎馬鈴薯片,Qni,1,https://icook.tw/recipes/484193,248瀏覽,,"時間

15
分鐘",main ingredients,馬鈴薯,1顆,,2025-11-14,2025-11-15 09:10:30.698763
484193,香蒜奶油洋蔥煎馬鈴薯片,Qni,1,https://icook.tw/recipes/484193,248瀏覽,,"時間

15
分鐘",main ingredients,奶油,1塊,,2025-11-14,2025-11-15 09:10:30.698763
484193,香蒜奶油洋蔥煎馬鈴薯片,Qni,1,https://icook.tw/recipes/484193,248瀏覽,,"時間

15
分鐘",main ingredients,蒜醬,1小匙,,2025-11-14,2025-11-15 09:10:30.698763
484193,香蒜奶油洋蔥煎馬鈴薯片,Qni,1,https://icook.tw/recipes/484193,248瀏覽,,"時間

15
分鐘",main ingredients,黑胡椒粉（可用其他香料粉取代）,適量,,2025-11-14,2025-11-15 09:10:30.698763
484199,虱目魚柳酥皮起司餅,會下廚的新北吳彥祖,,https://icook.tw/recipes/484199,131瀏覽,"4
人份","時間

15
分鐘",sauce,虱目魚柳,1包,,2025-11-14,2025-11-15 09:10:31.018730
484199,虱目魚柳酥皮起司餅,會下廚的新北吳彥祖,,https://icook.tw/recipes/484199,131瀏覽,"4
人份","時間

15
分鐘",sauce,起司片,1包,,2025-11-14,2025-11-15 09:10:31.018730
484187,泰奶雙層巴斯克*無鮮奶油,Yuhui Wang,2,https://icook.tw/recipes/484187,116瀏覽,"8
人份","時間

90
分鐘",sauce,泰國手標紅茶,10g,,2025-11-14,2025-11-15 09:10:31.363962
484187,泰奶雙層巴斯克*無鮮奶油,Yuhui Wang,2,https://icook.tw/recipes/484187,116瀏覽,"8
人份","時間

90
分鐘",sauce,飲用水,300ml,,2025-11-14,2025-11-15 09:10:31.363962
484187,泰奶雙層巴斯克*無鮮奶油,Yuhui Wang,2,https://icook.tw/recipes/484187,116瀏覽,"8
人份","時間

90
分鐘",sauce,煉乳,40g,,2025-11-14,2025-11-15 09:10:31.363962
484187,泰奶雙層巴斯克*無鮮奶油,Yuhui Wang,2,https://icook.tw/recipes/484187,116瀏覽,"8
人份","時間

90
分鐘",sauce,細砂糖,25g,,2025-11-14,2025-11-15 09:10:31.363962
483227,鮮脆松阪,Emma,6,https://icook.tw/recipes/483227,114瀏覽,"4
人份","時間

15
分鐘",main ingredients,松阪豬肉,250克,,2025-11-14,2025-11-15 09:10:31.543483
483227,鮮脆松阪,Emma,6,https://icook.tw/recipes/483227,114瀏覽,"4
人份","時間

15
分鐘",main ingredients,蘆筍,150克,,2025-11-14,2025-11-15 09:10:31.543483
483227,鮮脆松阪,Emma,6,https://icook.tw/recipes/483227,114瀏覽,"4
人份","時間

15
分鐘",main ingredients,紅甜椒,75克,,2025-11-14,2025-11-15 09:10:31.543483
483227,鮮脆松阪,Emma,6,https://icook.tw/recipes/483227,114瀏覽,"4
人份","時間

15
分鐘",main ingredients,黃甜椒,70克,,2025-11-14,2025-11-15 09:10:31.543483
483227,鮮脆松阪,Emma,6,https://icook.tw/recipes/483227,114瀏覽,"4
人份","時間

15
分鐘",main ingredients,紅辣椒,1根,,2025-11-14,2025-11-15 09:10:31.543483
483227,鮮脆松阪,Emma,6,https://icook.tw/recipes/483227,114瀏覽,"4
人份","時間

15
分鐘",main ingredients,蒜頭,25克,,2025-11-14,2025-11-15 09:10:31.543483
483227,鮮脆松阪,Emma,6,https://icook.tw/recipes/483227,114瀏覽,"4
人份","時間

15
分鐘",sauce,十全120天完熟烏醋,30克,,2025-11-14,2025-11-15 09:10:31.543483
483227,鮮脆松阪,Emma,6,https://icook.tw/recipes/483227,114瀏覽,"4
人份","時間

15
分鐘",sauce,香菇素蠔油,45克,,2025-11-14,2025-11-15 09:10:31.543483
483227,鮮脆松阪,Emma,6,https://icook.tw/recipes/483227,114瀏覽,"4
人份","時間

15
分鐘",sauce,二砂糖,10克,,2025-11-14,2025-11-15 09:10:31.543483
483227,鮮脆松阪,Emma,6,https://icook.tw/recipes/483227,114瀏覽,"4
人份","時間

15
分鐘",sauce,香油,少許,,2025-11-14,2025-11-15 09:10:31.543483
484206,十全烏醋豬肉泡菜鍋,鋼鐵直男的料理指南,,https://icook.tw/recipes/484206,131瀏覽,"2
人份","時間

30
分鐘",main ingredients,蒜頭,8瓣,,2025-11-14,2025-11-15 09:10:31.884205
484206,十全烏醋豬肉泡菜鍋,鋼鐵直男的料理指南,,https://icook.tw/recipes/484206,131瀏覽,"2
人份","時間

30
分鐘",main ingredients,番茄,1顆,,2025-11-14,2025-11-15 09:10:31.884205
484206,十全烏醋豬肉泡菜鍋,鋼鐵直男的料理指南,,https://icook.tw/recipes/484206,131瀏覽,"2
人份","時間

30
分鐘",main ingredients,雞蛋,2顆,,2025-11-14,2025-11-15 09:10:31.884205
484206,十全烏醋豬肉泡菜鍋,鋼鐵直男的料理指南,,https://icook.tw/recipes/484206,131瀏覽,"2
人份","時間

30
分鐘",main ingredients,胡蘿蔔,1條,,2025-11-14,2025-11-15 09:10:31.884205
484206,十全烏醋豬肉泡菜鍋,鋼鐵直男的料理指南,,https://icook.tw/recipes/484206,131瀏覽,"2
人份","時間

30
分鐘",main ingredients,高麗菜,適量,,2025-11-14,2025-11-15 09:10:31.884205
484206,十全烏醋豬肉泡菜鍋,鋼鐵直男的料理指南,,https://icook.tw/recipes/484206,131瀏覽,"2
人份","時間

30
分鐘",main ingredients,花枝丸,4顆,,2025-11-14,2025-11-15 09:10:31.884205
484206,十全烏醋豬肉泡菜鍋,鋼鐵直男的料理指南,,https://icook.tw/recipes/484206,131瀏覽,"2
人份","時間

30
分鐘",main ingredients,泡菜,適量,,2025-11-14,2025-11-15 09:10:31.884205
484206,十全烏醋豬肉泡菜鍋,鋼鐵直男的料理指南,,https://icook.tw/recipes/484206,131瀏覽,"2
人份","時間

30
分鐘",main ingredients,安城湯麵,2包,,2025-11-14,2025-11-15 09:10:31.884205
484206,十全烏醋豬肉泡菜鍋,鋼鐵直男的料理指南,,https://icook.tw/recipes/484206,131瀏覽,"2
人份","時間

30
分鐘",main ingredients,豬肉片,150克,,2025-11-14,2025-11-15 09:10:31.884205
484206,十全烏醋豬肉泡菜鍋,鋼鐵直男的料理指南,,https://icook.tw/recipes/484206,131瀏覽,"2
人份","時間

30
分鐘",main ingredients,十全120天完熟烏醋,適量,,2025-11-14,2025-11-15 09:10:31.884205
484209,十全烏醋肉菜拌麵,鋼鐵直男的料理指南,,https://icook.tw/recipes/484209,94瀏覽,"2
人份","時間

30
分鐘",main ingredients,高麗菜,適量,,2025-11-14,2025-11-15 09:10:32.082308
484209,十全烏醋肉菜拌麵,鋼鐵直男的料理指南,,https://icook.tw/recipes/484209,94瀏覽,"2
人份","時間

30
分鐘",main ingredients,豬肉片,150g,,2025-11-14,2025-11-15 09:10:32.082308
484209,十全烏醋肉菜拌麵,鋼鐵直男的料理指南,,https://icook.tw/recipes/484209,94瀏覽,"2
人份","時間

30
分鐘",main ingredients,關廟麵,2坨,,2025-11-14,2025-11-15 09:10:32.082308
484209,十全烏醋肉菜拌麵,鋼鐵直男的料理指南,,https://icook.tw/recipes/484209,94瀏覽,"2
人份","時間

30
分鐘",main ingredients,蒜頭,3瓣,,2025-11-14,2025-11-15 09:10:32.082308
484209,十全烏醋肉菜拌麵,鋼鐵直男的料理指南,,https://icook.tw/recipes/484209,94瀏覽,"2
人份","時間

30
分鐘",main ingredients,辣椒,少許,,2025-11-14,2025-11-15 09:10:32.082308
484209,十全烏醋肉菜拌麵,鋼鐵直男的料理指南,,https://icook.tw/recipes/484209,94瀏覽,"2
人份","時間

30
分鐘",main ingredients,醬油,適量,,2025-11-14,2025-11-15 09:10:32.082308
484209,十全烏醋肉菜拌麵,鋼鐵直男的料理指南,,https://icook.tw/recipes/484209,94瀏覽,"2
人份","時間

30
分鐘",main ingredients,香油,適量,,2025-11-14,2025-11-15 09:10:32.082308
484209,十全烏醋肉菜拌麵,鋼鐵直男的料理指南,,https://icook.tw/recipes/484209,94瀏覽,"2
人份","時間

30
分鐘",main ingredients,十全120天完熟烏醋,適量,,2025-11-14,2025-11-15 09:10:32.082308
484209,十全烏醋肉菜拌麵,鋼鐵直男的料理指南,,https://icook.tw/recipes/484209,94瀏覽,"2
人份","時間

30
分鐘",main ingredients,米酒,適量,,2025-11-14,2025-11-15 09:10:32.082308
483784,宮保雞丁,木子太太,2,https://icook.tw/recipes/483784,53瀏覽,"3
人份","時間

30
分鐘",main ingredients,雞胸或雞腿肉,300g,,2025-11-14,2025-11-15 09:10:32.509213
483784,宮保雞丁,木子太太,2,https://icook.tw/recipes/483784,53瀏覽,"3
人份","時間

30
分鐘",main ingredients,乾辣椒,2g,,2025-11-14,2025-11-15 09:10:32.509213
483784,宮保雞丁,木子太太,2,https://icook.tw/recipes/483784,53瀏覽,"3
人份","時間

30
分鐘",main ingredients,花椒粒,5g,,2025-11-14,2025-11-15 09:10:32.509213
483784,宮保雞丁,木子太太,2,https://icook.tw/recipes/483784,53瀏覽,"3
人份","時間

30
分鐘",main ingredients,青蔥段,適量,,2025-11-14,2025-11-15 09:10:32.509213
483784,宮保雞丁,木子太太,2,https://icook.tw/recipes/483784,53瀏覽,"3
人份","時間

30
分鐘",sauce,蠔油,2大匙,,2025-11-14,2025-11-15 09:10:32.509213
483784,宮保雞丁,木子太太,2,https://icook.tw/recipes/483784,53瀏覽,"3
人份","時間

30
分鐘",sauce,太白粉,適量,,2025-11-14,2025-11-15 09:10:32.509213
483784,宮保雞丁,木子太太,2,https://icook.tw/recipes/483784,53瀏覽,"3
人份","時間

30
分鐘",sauce,胡椒粉,適量,,2025-11-14,2025-11-15 09:10:32.509213
483870,麻辣鴨血,木子太太,3,https://icook.tw/recipes/483870,84瀏覽,"3
人份","時間

90
分鐘",main ingredients,鴨血,600g,,2025-11-14,2025-11-15 09:10:32.687131
483870,麻辣鴨血,木子太太,3,https://icook.tw/recipes/483870,84瀏覽,"3
人份","時間

90
分鐘",main ingredients,豆腐,1塊,,2025-11-14,2025-11-15 09:10:32.687131
483870,麻辣鴨血,木子太太,3,https://icook.tw/recipes/483870,84瀏覽,"3
人份","時間

90
分鐘",main ingredients,乾香菇,3朵,,2025-11-14,2025-11-15 09:10:32.687131
483870,麻辣鴨血,木子太太,3,https://icook.tw/recipes/483870,84瀏覽,"3
人份","時間

90
分鐘",main ingredients,酸菜,150g,,2025-11-14,2025-11-15 09:10:32.687131
483870,麻辣鴨血,木子太太,3,https://icook.tw/recipes/483870,84瀏覽,"3
人份","時間

90
分鐘",main ingredients,蒜,６瓣,,2025-11-14,2025-11-15 09:10:32.687131
483870,麻辣鴨血,木子太太,3,https://icook.tw/recipes/483870,84瀏覽,"3
人份","時間

90
分鐘",main ingredients,薑,適量,,2025-11-14,2025-11-15 09:10:32.687131
483870,麻辣鴨血,木子太太,3,https://icook.tw/recipes/483870,84瀏覽,"3
人份","時間

90
分鐘",main ingredients,辣豆瓣醬,1大匙,,2025-11-14,2025-11-15 09:10:32.687131
483870,麻辣鴨血,木子太太,3,https://icook.tw/recipes/483870,84瀏覽,"3
人份","時間

90
分鐘",main ingredients,花椒,1大匙,,2025-11-14,2025-11-15 09:10:32.687131
483870,麻辣鴨血,木子太太,3,https://icook.tw/recipes/483870,84瀏覽,"3
人份","時間

90
分鐘",main ingredients,醬油,2大匙,,2025-11-14,2025-11-15 09:10:32.687131
483870,麻辣鴨血,木子太太,3,https://icook.tw/recipes/483870,84瀏覽,"3
人份","時間

90
分鐘",main ingredients,砂糖,2小匙,,2025-11-14,2025-11-15 09:10:32.687131
483870,麻辣鴨血,木子太太,3,https://icook.tw/recipes/483870,84瀏覽,"3
人份","時間

90
分鐘",main ingredients,白胡椒,適量,,2025-11-14,2025-11-15 09:10:32.687131
484213,新手筆記-醃蘿蔔,茉茉,,https://icook.tw/recipes/484213,61瀏覽,,,main ingredients,蘿蔔,1,,2025-11-14,2025-11-15 09:10:33.044153
483787,十三香雞翅 & 紐奧良雞翅,木子太太,2,https://icook.tw/recipes/483787,98瀏覽,"3
人份","時間

30
分鐘",main ingredients,雞翅,300g,,2025-11-14,2025-11-15 09:10:33.505720
483787,十三香雞翅 & 紐奧良雞翅,木子太太,2,https://icook.tw/recipes/483787,98瀏覽,"3
人份","時間

30
分鐘",main ingredients,雞腿,300g,,2025-11-14,2025-11-15 09:10:33.505720
483787,十三香雞翅 & 紐奧良雞翅,木子太太,2,https://icook.tw/recipes/483787,98瀏覽,"3
人份","時間

30
分鐘",sauce,紐奧良香料粉,一大匙,,2025-11-14,2025-11-15 09:10:33.505720
483787,十三香雞翅 & 紐奧良雞翅,木子太太,2,https://icook.tw/recipes/483787,98瀏覽,"3
人份","時間

30
分鐘",sauce,醬油,一大匙,,2025-11-14,2025-11-15 09:10:33.505720
483827,焗烤茭白筍（可變串燒✨）,玩食物的日子,2,https://icook.tw/recipes/483827,85瀏覽,,,main ingredients,茭白筍,3-4根,,2025-11-14,2025-11-15 09:10:33.739610
483827,焗烤茭白筍（可變串燒✨）,玩食物的日子,2,https://icook.tw/recipes/483827,85瀏覽,,,main ingredients,焗烤起司絲,喜歡的量,,2025-11-14,2025-11-15 09:10:33.739610
483716,清甜冬瓜排骨湯,sally,,https://icook.tw/recipes/483716,47瀏覽,,"時間

20
分鐘",main ingredients,冬瓜,1塊,,2025-11-14,2025-11-15 09:22:38.936858
483716,清甜冬瓜排骨湯,sally,,https://icook.tw/recipes/483716,47瀏覽,,"時間

20
分鐘",main ingredients,肉骨,4~5塊,,2025-11-14,2025-11-15 09:22:38.936858
483716,清甜冬瓜排骨湯,sally,,https://icook.tw/recipes/483716,47瀏覽,,"時間

20
分鐘",main ingredients,鹽,2小匙,,2025-11-14,2025-11-15 09:22:38.936858
483716,清甜冬瓜排骨湯,sally,,https://icook.tw/recipes/483716,47瀏覽,,"時間

20
分鐘",main ingredients,水,1000毫升,,2025-11-14,2025-11-15 09:22:38.936858
484227,豬油香蛋酥白菜,浦維老師的料理廚房,4,https://icook.tw/recipes/484227,124瀏覽,"4
人份","時間

20
分鐘",main ingredients,豬油,1大匙,,2025-11-14,2025-11-15 09:22:39.293951
484227,豬油香蛋酥白菜,浦維老師的料理廚房,4,https://icook.tw/recipes/484227,124瀏覽,"4
人份","時間

20
分鐘",main ingredients,白菜,400克,,2025-11-14,2025-11-15 09:22:39.293951
484227,豬油香蛋酥白菜,浦維老師的料理廚房,4,https://icook.tw/recipes/484227,124瀏覽,"4
人份","時間

20
分鐘",main ingredients,雞蛋,2顆,,2025-11-14,2025-11-15 09:22:39.293951
484227,豬油香蛋酥白菜,浦維老師的料理廚房,4,https://icook.tw/recipes/484227,124瀏覽,"4
人份","時間

20
分鐘",main ingredients,鹽,1茶匙,,2025-11-14,2025-11-15 09:22:39.293951
484227,豬油香蛋酥白菜,浦維老師的料理廚房,4,https://icook.tw/recipes/484227,124瀏覽,"4
人份","時間

20
分鐘",main ingredients,胡椒粉,1茶匙,,2025-11-14,2025-11-15 09:22:39.293951
484227,豬油香蛋酥白菜,浦維老師的料理廚房,4,https://icook.tw/recipes/484227,124瀏覽,"4
人份","時間

20
分鐘",main ingredients,水,1碗,,2025-11-14,2025-11-15 09:22:39.293951
484227,豬油香蛋酥白菜,浦維老師的料理廚房,4,https://icook.tw/recipes/484227,124瀏覽,"4
人份","時間

20
分鐘",main ingredients,蒜頭,30克,,2025-11-14,2025-11-15 09:22:39.293951
484227,豬油香蛋酥白菜,浦維老師的料理廚房,4,https://icook.tw/recipes/484227,124瀏覽,"4
人份","時間

20
分鐘",main ingredients,蝦米,5克,,2025-11-14,2025-11-15 09:22:39.293951
484230,蒜香油豆腐,R.的小廚房。,,https://icook.tw/recipes/484230,69瀏覽,"3
人份","時間

20
分鐘",main ingredients,油豆腐,適量,,2025-11-14,2025-11-15 09:22:39.635024
484230,蒜香油豆腐,R.的小廚房。,,https://icook.tw/recipes/484230,69瀏覽,"3
人份","時間

20
分鐘",main ingredients,蔥,適量,,2025-11-14,2025-11-15 09:22:39.635024
484230,蒜香油豆腐,R.的小廚房。,,https://icook.tw/recipes/484230,69瀏覽,"3
人份","時間

20
分鐘",main ingredients,蒜,適量,,2025-11-14,2025-11-15 09:22:39.635024
484230,蒜香油豆腐,R.的小廚房。,,https://icook.tw/recipes/484230,69瀏覽,"3
人份","時間

20
分鐘",main ingredients,蜜汁烤肉醬,少許,,2025-11-14,2025-11-15 09:22:39.635024
484230,蒜香油豆腐,R.的小廚房。,,https://icook.tw/recipes/484230,69瀏覽,"3
人份","時間

20
分鐘",main ingredients,香菇素蠔油,少許,,2025-11-14,2025-11-15 09:22:39.635024
484230,蒜香油豆腐,R.的小廚房。,,https://icook.tw/recipes/484230,69瀏覽,"3
人份","時間

20
分鐘",main ingredients,味醂,少許,,2025-11-14,2025-11-15 09:22:39.635024
484230,蒜香油豆腐,R.的小廚房。,,https://icook.tw/recipes/484230,69瀏覽,"3
人份","時間

20
分鐘",main ingredients,鋁箔紙,ㄧ片,,2025-11-14,2025-11-15 09:22:39.635024
484230,蒜香油豆腐,R.的小廚房。,,https://icook.tw/recipes/484230,69瀏覽,"3
人份","時間

20
分鐘",main ingredients,油,微量,,2025-11-14,2025-11-15 09:22:39.635024
